
Create database DemoGT
GO
USE [DemoGT]
GO
ALTER TABLE [dbo].[FlightsProvincesModels] DROP CONSTRAINT [FK_dbo.FlightsProvincesModels_dbo.Provinces_ProvinceId]
GO
ALTER TABLE [dbo].[FlightsProvincesModels] DROP CONSTRAINT [FK_dbo.FlightsProvincesModels_dbo.Flights_FlightId]
GO
ALTER TABLE [dbo].[Flights] DROP CONSTRAINT [FK_dbo.Flights_dbo.Planes_PlaneId]
GO
/****** Object:  Table [dbo].[Provinces]    Script Date: 08/05/2017 10:29:22 PM ******/
DROP TABLE [dbo].[Provinces]
GO
/****** Object:  Table [dbo].[Planes]    Script Date: 08/05/2017 10:29:22 PM ******/
DROP TABLE [dbo].[Planes]
GO
/****** Object:  Table [dbo].[FlightsProvincesModels]    Script Date: 08/05/2017 10:29:22 PM ******/
DROP TABLE [dbo].[FlightsProvincesModels]
GO
/****** Object:  Table [dbo].[Flights]    Script Date: 08/05/2017 10:29:22 PM ******/
DROP TABLE [dbo].[Flights]
GO
/****** Object:  Table [dbo].[__MigrationHistory]    Script Date: 08/05/2017 10:29:22 PM ******/
DROP TABLE [dbo].[__MigrationHistory]
GO
/****** Object:  Table [dbo].[__MigrationHistory]    Script Date: 08/05/2017 10:29:22 PM ******/
SET ANSI_NULLS ON
GO
SET QUOTED_IDENTIFIER ON
GO
SET ANSI_PADDING ON
GO
CREATE TABLE [dbo].[__MigrationHistory](
	[MigrationId] [nvarchar](150) NOT NULL,
	[ContextKey] [nvarchar](300) NOT NULL,
	[Model] [varbinary](max) NOT NULL,
	[ProductVersion] [nvarchar](32) NOT NULL,
 CONSTRAINT [PK_dbo.__MigrationHistory] PRIMARY KEY CLUSTERED 
(
	[MigrationId] ASC,
	[ContextKey] ASC
)WITH (PAD_INDEX = OFF, STATISTICS_NORECOMPUTE = OFF, IGNORE_DUP_KEY = OFF, ALLOW_ROW_LOCKS = ON, ALLOW_PAGE_LOCKS = ON) ON [PRIMARY]
) ON [PRIMARY] TEXTIMAGE_ON [PRIMARY]

GO
SET ANSI_PADDING OFF
GO
/****** Object:  Table [dbo].[Flights]    Script Date: 08/05/2017 10:29:22 PM ******/
SET ANSI_NULLS ON
GO
SET QUOTED_IDENTIFIER ON
GO
CREATE TABLE [dbo].[Flights](
	[Id] [int] IDENTITY(1,1) NOT NULL,
	[StartTime] [datetime] NOT NULL,
	[EndTime] [datetime] NOT NULL,
	[PlaneId] [int] NULL,
	[Cost] [int] NOT NULL,
 CONSTRAINT [PK_dbo.Flights] PRIMARY KEY CLUSTERED 
(
	[Id] ASC
)WITH (PAD_INDEX = OFF, STATISTICS_NORECOMPUTE = OFF, IGNORE_DUP_KEY = OFF, ALLOW_ROW_LOCKS = ON, ALLOW_PAGE_LOCKS = ON) ON [PRIMARY]
) ON [PRIMARY]

GO
/****** Object:  Table [dbo].[FlightsProvincesModels]    Script Date: 08/05/2017 10:29:22 PM ******/
SET ANSI_NULLS ON
GO
SET QUOTED_IDENTIFIER ON
GO
CREATE TABLE [dbo].[FlightsProvincesModels](
	[Id] [int] IDENTITY(1,1) NOT NULL,
	[ProvinceId] [int] NOT NULL,
	[FlightId] [int] NOT NULL,
	[IsSource] [bit] NOT NULL,
 CONSTRAINT [PK_dbo.FlightsProvincesModels] PRIMARY KEY CLUSTERED 
(
	[Id] ASC
)WITH (PAD_INDEX = OFF, STATISTICS_NORECOMPUTE = OFF, IGNORE_DUP_KEY = OFF, ALLOW_ROW_LOCKS = ON, ALLOW_PAGE_LOCKS = ON) ON [PRIMARY]
) ON [PRIMARY]

GO
/****** Object:  Table [dbo].[Planes]    Script Date: 08/05/2017 10:29:22 PM ******/
SET ANSI_NULLS ON
GO
SET QUOTED_IDENTIFIER ON
GO
CREATE TABLE [dbo].[Planes](
	[Id] [int] IDENTITY(1,1) NOT NULL,
	[Name] [nvarchar](max) NULL,
	[Quantity] [int] NOT NULL,
 CONSTRAINT [PK_dbo.Planes] PRIMARY KEY CLUSTERED 
(
	[Id] ASC
)WITH (PAD_INDEX = OFF, STATISTICS_NORECOMPUTE = OFF, IGNORE_DUP_KEY = OFF, ALLOW_ROW_LOCKS = ON, ALLOW_PAGE_LOCKS = ON) ON [PRIMARY]
) ON [PRIMARY] TEXTIMAGE_ON [PRIMARY]

GO
/****** Object:  Table [dbo].[Provinces]    Script Date: 08/05/2017 10:29:22 PM ******/
SET ANSI_NULLS ON
GO
SET QUOTED_IDENTIFIER ON
GO
CREATE TABLE [dbo].[Provinces](
	[Id] [int] IDENTITY(1,1) NOT NULL,
	[Name] [nvarchar](max) NULL,
	[X] [real] NOT NULL,
	[Y] [real] NOT NULL,
 CONSTRAINT [PK_dbo.Provinces] PRIMARY KEY CLUSTERED 
(
	[Id] ASC
)WITH (PAD_INDEX = OFF, STATISTICS_NORECOMPUTE = OFF, IGNORE_DUP_KEY = OFF, ALLOW_ROW_LOCKS = ON, ALLOW_PAGE_LOCKS = ON) ON [PRIMARY]
) ON [PRIMARY] TEXTIMAGE_ON [PRIMARY]

GO
INSERT [dbo].[__MigrationHistory] ([MigrationId], [ContextKey], [Model], [ProductVersion]) VALUES (N'201705081522228_AutomaticMigration', N'FlightScheduling.Migrations.Configuration', 0x1F8B0800000000000400ED5BDD4EE43614BEAFD4778872D556EC04D89B16CDEC8A1D960A75F929032BB84226F10C511D278D1D34A3AA4FD68B3E525FA127FF891D274E6618A0452BADC0F1393E3EFE8ECFB13FF3CF5F7F8F3F2E3D623CE290B93E9D987BA35DD3C0D4F61D972E2666C4E7EF7E343F7EF8F69BF167C75B1A5FF37EEFE37E2049D9C47CE03C38B02C663F600FB191E7DAA1CFFC391FD9BE6721C7B7F677777FB2F6F62C0C2A4CD06518E3CB8872D7C3C92FF0EBD4A7360E7884C8A9EF60C2B276F8324BB41A67C8C32C40369E98C7C45D3CF0B8DD890858394A454CE390B808CC996132370D44A9CF1107630FAE199EF1D0A78B59000D885CAD020CFDE688309C4DE2A0ECAE3B9FDDFD783E562998ABB223C67DAFA7C2BDF799832C517C909BCDC281E0C2CFE06ABE8A679DB831F7A06988431D4C49187753FA7894B6EF18E2F79D021900A0F8DF8E318D088F423CA138E221223BC645744F5CFB17BCBAF27FC374422342AA6682A1F0ADD6004D17A11FE090AF2EF13C33FEC4310DAB2E678982855845269DD809E5EFF74DE30C0647F7041728A83861C6FD10FF8C290E11C7CE05E21C8734D681133F4AA30B63CD380AF915603B1FF208D4A4BF4BA3B66BFA4C9D8DE8B9208862C905ED32539FF12E9F091ACED0A3BB485C28E84AC1C2A0F5D185306779BC5E629274670F6E9086EDA8B1EB5D8ED7E3D0F72E7DA25299F5BBBB42E102C7D6FB1A9D677E14DA3D269338B3D1F6E44BA696558DAD7D90ACAB7F6D32676C9511AC11D7C2448787B9A0E82DEADB622C7355F798ED7A5217AFABE584E5384AB57CF2016A88AE1DC34F17B385BD3A319B879076CC665A9AC336FB78A7DAA62A81DCDE550EED8EFE6B057B39A9FEF19DCBBE8574CB58F1FFF968503F82734CE3142DBF60BAE00F13137E046CB84BECE42D9905D7D485F2198478187546EA4D3102E827FD73FB6D5FF94D64E90D868C18F7BA21362C64D2DC3D205E62C1B76079EE60F9354299311B2D4CD7A9E624FC36D67A3A683D64CCB7DDC48CB688CC136B7D8A705430FA64D9749D94D91BD60E70EC06805CB07462FE20F95473C022238A038A23EC99620C9CD3234C30C7C6A19D9EA2A788D9C8919717FCE9D45B206C7018E31691292C2A04A24BB91C6360AE1B20D2631E820ECD488D6D2C4613BF1CE100D338C87AAC9F8E196521291B538C2938B2CB6F63AB02D276EC76A508159AB4F34509A8B2107A4248E95BA8847CEF181B04634D076E01C99A8ED2B1A47ABA7A1E38D7B281121ACDA9A102D5B400A92FFCEE68B4D7B2BF2A6E0FBA36D44DC1A9694ADB004FD3ACB5A0925F766D0127692207190E12382CAECE28C7CBA6EBD56B86B3529365058FB8E8B1BE19E6627D52560CC29A4BA8695420D5E70A7DD20ED5A1BEE8DEA0B1DC95BB94C40BD6A8210D1641BCB2141DF32CAE202A223A5716226E7AD656C5FCD4EE97A0D9B39A9287903358DD4F1A3EEC3CD4C96EEC95E407A5F9CA4C2B606BF19F6E76EEBD4A433C5A3F4234F84F9D5534F24AD537590CB539A6318DAC85A4FC24536C80256B67A5B45D4EEF590A7E6F7C8A8200CE8A15BE2F6B316629D9377D37EB4F8079A90ECB660D3C58616D31129C7CD1020B5FE37DDCC1C76EC8F811E2E81EC507CBA9E335744BB77BC52E978F52DFD1E575CA37BFBC7FFC7355467549DF90143315C7302B2FCEA8C9D15E5A695930615B114161C33DC2D4279147D5A95D2D5DE1C3AA4A2ACDFABA0A46ACAAA968D4D7531409553DCACA41AD2765C9AA4AD21659C3D8125645AA4E24084847923AA2FAE0AD7B631E0A3FB164188AC64E3D4F03CEEAC1A286859603875A5B79E6AEEA529FC45B66551038B5B9B166B6F219015666E54D60AA281AFBC3482DFA34C8492F3CABF2698BBE869BBAF84D1FD9DBBAECED4B42445A8B6C040EC9096000169AE55E2A10CA6BEDAA96B275CB4B2B9575629762F4A2BC13CAB871565275BFE5926AACB48B6924E1ECC4F5D56CC538F6467187D1EC7732252ECCB7EC708AA83BC78CA7F48AB9BFBBB72FBC047B39AFB22CC61CD25092CA4FB3B6CE10B9B14F3B39A09EE4A4F414CA01BD7C034FA106EB119E4225B396AE694EA8839713F38F44E6C038B9B9CBC4768CF310207760EC1A7F5687D6E1AEAA0FAA92615B2D5FF3C9CF7F033EF29B1AEDF52A24554B36E8318EEEF0B9DC5A838B6F78EEDD8D81A6B9567AB538A972CFF41185F6030ABFF3D0F2FBBE315A3CC6083122C39F626848F77CB2F0B64EADEF0086EFA71B25DDB74D7377DC1A3F1B05A9BC98DA0E59FE7FA0C79F93007F59606BB9327841707B4D04F6DA8CB5F66EB8498E7A7BEBFF6A686891BE505CDF082FBC955C737A3487C3D7BD0F6B9BA65A1569A44544EBF3D02D4377D1762ACEBA95B26E1A4FC93F3633DA6A42BB51792381F702C8EE068AB03F7FDD4DB7BE56FEBA91A17EA90EDA281D2DF3CF1AD3D640D366F866F90212F6D7CA9F9CC2D6CEDC45A922FE03548AEDDACE5AF439A1733FDFE1058BF22EC201E51473E4C0B67B1872778E6C0E9F612159F22AFA2B22517CA3E5DD63E7849E473C88384C197BF7A476D71B278AB6F11352BD6EF3F83C485E316F620A60A61B5FB39DD34F914B9CC2EEE386C39542459C81B2E363BC963C3E462E5685A6335FC48C4A51E6BE22715E612F20A08C9DD3197AC4436CBB66F80B5E207B95DF23AB95742F44DDEDE323172D42E4B14C47290FBF02861D6FF9E15FC6A950EF793D0000, N'6.1.3-40302')
SET IDENTITY_INSERT [dbo].[Flights] ON 

INSERT [dbo].[Flights] ([Id], [StartTime], [EndTime], [PlaneId], [Cost]) VALUES (1, CAST(N'2017-04-16 14:20:00.000' AS DateTime), CAST(N'2017-04-16 16:30:00.000' AS DateTime), NULL, 1950)
INSERT [dbo].[Flights] ([Id], [StartTime], [EndTime], [PlaneId], [Cost]) VALUES (2, CAST(N'2017-04-16 08:30:00.000' AS DateTime), CAST(N'2017-04-16 10:10:00.000' AS DateTime), NULL, 1500)
INSERT [dbo].[Flights] ([Id], [StartTime], [EndTime], [PlaneId], [Cost]) VALUES (3, CAST(N'2017-04-17 08:30:00.000' AS DateTime), CAST(N'2017-04-17 10:10:00.000' AS DateTime), NULL, 1500)
INSERT [dbo].[Flights] ([Id], [StartTime], [EndTime], [PlaneId], [Cost]) VALUES (4, CAST(N'2017-04-19 08:30:00.000' AS DateTime), CAST(N'2017-04-19 10:10:00.000' AS DateTime), NULL, 1500)
INSERT [dbo].[Flights] ([Id], [StartTime], [EndTime], [PlaneId], [Cost]) VALUES (5, CAST(N'2017-04-16 08:45:00.000' AS DateTime), CAST(N'2017-04-16 09:40:00.000' AS DateTime), NULL, 825)
INSERT [dbo].[Flights] ([Id], [StartTime], [EndTime], [PlaneId], [Cost]) VALUES (6, CAST(N'2017-04-17 08:45:00.000' AS DateTime), CAST(N'2017-04-17 09:40:00.000' AS DateTime), NULL, 825)
INSERT [dbo].[Flights] ([Id], [StartTime], [EndTime], [PlaneId], [Cost]) VALUES (7, CAST(N'2017-04-18 08:45:00.000' AS DateTime), CAST(N'2017-04-18 09:40:00.000' AS DateTime), NULL, 825)
INSERT [dbo].[Flights] ([Id], [StartTime], [EndTime], [PlaneId], [Cost]) VALUES (8, CAST(N'2017-04-19 08:45:00.000' AS DateTime), CAST(N'2017-04-19 09:40:00.000' AS DateTime), NULL, 825)
INSERT [dbo].[Flights] ([Id], [StartTime], [EndTime], [PlaneId], [Cost]) VALUES (9, CAST(N'2017-04-16 07:55:00.000' AS DateTime), CAST(N'2017-04-16 09:20:00.000' AS DateTime), NULL, 1275)
INSERT [dbo].[Flights] ([Id], [StartTime], [EndTime], [PlaneId], [Cost]) VALUES (10, CAST(N'2017-04-13 17:45:00.000' AS DateTime), CAST(N'2017-04-13 19:10:00.000' AS DateTime), NULL, 1275)
INSERT [dbo].[Flights] ([Id], [StartTime], [EndTime], [PlaneId], [Cost]) VALUES (11, CAST(N'2017-04-15 17:45:00.000' AS DateTime), CAST(N'2017-04-15 19:10:00.000' AS DateTime), NULL, 1275)
INSERT [dbo].[Flights] ([Id], [StartTime], [EndTime], [PlaneId], [Cost]) VALUES (12, CAST(N'2017-04-16 17:45:00.000' AS DateTime), CAST(N'2017-04-16 19:10:00.000' AS DateTime), NULL, 1275)
INSERT [dbo].[Flights] ([Id], [StartTime], [EndTime], [PlaneId], [Cost]) VALUES (13, CAST(N'2017-04-17 17:45:00.000' AS DateTime), CAST(N'2017-04-17 19:10:00.000' AS DateTime), NULL, 1275)
INSERT [dbo].[Flights] ([Id], [StartTime], [EndTime], [PlaneId], [Cost]) VALUES (14, CAST(N'2017-04-18 17:45:00.000' AS DateTime), CAST(N'2017-04-18 19:10:00.000' AS DateTime), NULL, 1275)
INSERT [dbo].[Flights] ([Id], [StartTime], [EndTime], [PlaneId], [Cost]) VALUES (15, CAST(N'2017-04-19 17:45:00.000' AS DateTime), CAST(N'2017-04-19 19:10:00.000' AS DateTime), NULL, 1275)
INSERT [dbo].[Flights] ([Id], [StartTime], [EndTime], [PlaneId], [Cost]) VALUES (16, CAST(N'2017-04-13 10:25:00.000' AS DateTime), CAST(N'2017-04-13 11:20:00.000' AS DateTime), NULL, 825)
INSERT [dbo].[Flights] ([Id], [StartTime], [EndTime], [PlaneId], [Cost]) VALUES (17, CAST(N'2017-04-14 10:25:00.000' AS DateTime), CAST(N'2017-04-14 11:20:00.000' AS DateTime), NULL, 825)
INSERT [dbo].[Flights] ([Id], [StartTime], [EndTime], [PlaneId], [Cost]) VALUES (18, CAST(N'2017-04-15 10:25:00.000' AS DateTime), CAST(N'2017-04-15 11:20:00.000' AS DateTime), NULL, 825)
INSERT [dbo].[Flights] ([Id], [StartTime], [EndTime], [PlaneId], [Cost]) VALUES (19, CAST(N'2017-04-16 10:25:00.000' AS DateTime), CAST(N'2017-04-16 11:20:00.000' AS DateTime), NULL, 825)
INSERT [dbo].[Flights] ([Id], [StartTime], [EndTime], [PlaneId], [Cost]) VALUES (20, CAST(N'2017-04-17 10:25:00.000' AS DateTime), CAST(N'2017-04-17 11:20:00.000' AS DateTime), NULL, 825)
INSERT [dbo].[Flights] ([Id], [StartTime], [EndTime], [PlaneId], [Cost]) VALUES (21, CAST(N'2017-04-18 10:25:00.000' AS DateTime), CAST(N'2017-04-18 11:20:00.000' AS DateTime), NULL, 825)
INSERT [dbo].[Flights] ([Id], [StartTime], [EndTime], [PlaneId], [Cost]) VALUES (22, CAST(N'2017-04-19 10:25:00.000' AS DateTime), CAST(N'2017-04-19 11:20:00.000' AS DateTime), NULL, 825)
INSERT [dbo].[Flights] ([Id], [StartTime], [EndTime], [PlaneId], [Cost]) VALUES (23, CAST(N'2017-04-16 07:25:00.000' AS DateTime), CAST(N'2017-04-16 08:30:00.000' AS DateTime), NULL, 975)
INSERT [dbo].[Flights] ([Id], [StartTime], [EndTime], [PlaneId], [Cost]) VALUES (24, CAST(N'2017-04-16 10:15:00.000' AS DateTime), CAST(N'2017-04-16 11:20:00.000' AS DateTime), NULL, 975)
INSERT [dbo].[Flights] ([Id], [StartTime], [EndTime], [PlaneId], [Cost]) VALUES (25, CAST(N'2017-04-19 10:15:00.000' AS DateTime), CAST(N'2017-04-19 11:20:00.000' AS DateTime), NULL, 975)
INSERT [dbo].[Flights] ([Id], [StartTime], [EndTime], [PlaneId], [Cost]) VALUES (26, CAST(N'2017-04-15 09:55:00.000' AS DateTime), CAST(N'2017-04-15 12:05:00.000' AS DateTime), NULL, 1950)
INSERT [dbo].[Flights] ([Id], [StartTime], [EndTime], [PlaneId], [Cost]) VALUES (27, CAST(N'2017-04-16 09:55:00.000' AS DateTime), CAST(N'2017-04-16 12:05:00.000' AS DateTime), NULL, 1950)
INSERT [dbo].[Flights] ([Id], [StartTime], [EndTime], [PlaneId], [Cost]) VALUES (28, CAST(N'2017-04-17 09:55:00.000' AS DateTime), CAST(N'2017-04-17 12:05:00.000' AS DateTime), NULL, 1950)
INSERT [dbo].[Flights] ([Id], [StartTime], [EndTime], [PlaneId], [Cost]) VALUES (29, CAST(N'2017-04-18 09:55:00.000' AS DateTime), CAST(N'2017-04-18 12:05:00.000' AS DateTime), NULL, 1950)
INSERT [dbo].[Flights] ([Id], [StartTime], [EndTime], [PlaneId], [Cost]) VALUES (30, CAST(N'2017-04-19 09:55:00.000' AS DateTime), CAST(N'2017-04-19 12:05:00.000' AS DateTime), NULL, 1950)
INSERT [dbo].[Flights] ([Id], [StartTime], [EndTime], [PlaneId], [Cost]) VALUES (31, CAST(N'2017-04-13 11:50:00.000' AS DateTime), CAST(N'2017-04-13 12:45:00.000' AS DateTime), NULL, 825)
INSERT [dbo].[Flights] ([Id], [StartTime], [EndTime], [PlaneId], [Cost]) VALUES (32, CAST(N'2017-04-14 11:50:00.000' AS DateTime), CAST(N'2017-04-14 12:45:00.000' AS DateTime), NULL, 825)
INSERT [dbo].[Flights] ([Id], [StartTime], [EndTime], [PlaneId], [Cost]) VALUES (33, CAST(N'2017-04-15 11:50:00.000' AS DateTime), CAST(N'2017-04-15 12:45:00.000' AS DateTime), NULL, 825)
INSERT [dbo].[Flights] ([Id], [StartTime], [EndTime], [PlaneId], [Cost]) VALUES (34, CAST(N'2017-04-16 11:50:00.000' AS DateTime), CAST(N'2017-04-16 12:45:00.000' AS DateTime), NULL, 825)
INSERT [dbo].[Flights] ([Id], [StartTime], [EndTime], [PlaneId], [Cost]) VALUES (35, CAST(N'2017-04-17 11:50:00.000' AS DateTime), CAST(N'2017-04-17 12:45:00.000' AS DateTime), NULL, 825)
INSERT [dbo].[Flights] ([Id], [StartTime], [EndTime], [PlaneId], [Cost]) VALUES (36, CAST(N'2017-04-18 11:50:00.000' AS DateTime), CAST(N'2017-04-18 12:45:00.000' AS DateTime), NULL, 825)
INSERT [dbo].[Flights] ([Id], [StartTime], [EndTime], [PlaneId], [Cost]) VALUES (37, CAST(N'2017-04-19 11:50:00.000' AS DateTime), CAST(N'2017-04-19 12:45:00.000' AS DateTime), NULL, 825)
INSERT [dbo].[Flights] ([Id], [StartTime], [EndTime], [PlaneId], [Cost]) VALUES (38, CAST(N'2017-04-13 14:45:00.000' AS DateTime), CAST(N'2017-04-13 15:40:00.000' AS DateTime), NULL, 825)
INSERT [dbo].[Flights] ([Id], [StartTime], [EndTime], [PlaneId], [Cost]) VALUES (39, CAST(N'2017-04-14 14:45:00.000' AS DateTime), CAST(N'2017-04-14 15:40:00.000' AS DateTime), NULL, 825)
INSERT [dbo].[Flights] ([Id], [StartTime], [EndTime], [PlaneId], [Cost]) VALUES (40, CAST(N'2017-04-15 14:45:00.000' AS DateTime), CAST(N'2017-04-15 15:40:00.000' AS DateTime), NULL, 825)
INSERT [dbo].[Flights] ([Id], [StartTime], [EndTime], [PlaneId], [Cost]) VALUES (41, CAST(N'2017-04-16 14:45:00.000' AS DateTime), CAST(N'2017-04-16 15:40:00.000' AS DateTime), NULL, 825)
INSERT [dbo].[Flights] ([Id], [StartTime], [EndTime], [PlaneId], [Cost]) VALUES (42, CAST(N'2017-04-17 14:45:00.000' AS DateTime), CAST(N'2017-04-17 15:40:00.000' AS DateTime), NULL, 825)
INSERT [dbo].[Flights] ([Id], [StartTime], [EndTime], [PlaneId], [Cost]) VALUES (43, CAST(N'2017-04-18 14:45:00.000' AS DateTime), CAST(N'2017-04-18 15:40:00.000' AS DateTime), NULL, 825)
INSERT [dbo].[Flights] ([Id], [StartTime], [EndTime], [PlaneId], [Cost]) VALUES (44, CAST(N'2017-04-19 14:45:00.000' AS DateTime), CAST(N'2017-04-19 15:40:00.000' AS DateTime), NULL, 825)
INSERT [dbo].[Flights] ([Id], [StartTime], [EndTime], [PlaneId], [Cost]) VALUES (45, CAST(N'2017-04-16 15:05:00.000' AS DateTime), CAST(N'2017-04-16 16:20:00.000' AS DateTime), NULL, 1125)
INSERT [dbo].[Flights] ([Id], [StartTime], [EndTime], [PlaneId], [Cost]) VALUES (46, CAST(N'2017-04-13 10:35:00.000' AS DateTime), CAST(N'2017-04-13 11:50:00.000' AS DateTime), NULL, 1125)
INSERT [dbo].[Flights] ([Id], [StartTime], [EndTime], [PlaneId], [Cost]) VALUES (47, CAST(N'2017-04-15 10:35:00.000' AS DateTime), CAST(N'2017-04-15 11:50:00.000' AS DateTime), NULL, 1125)
INSERT [dbo].[Flights] ([Id], [StartTime], [EndTime], [PlaneId], [Cost]) VALUES (48, CAST(N'2017-04-16 10:35:00.000' AS DateTime), CAST(N'2017-04-16 11:50:00.000' AS DateTime), NULL, 1125)
INSERT [dbo].[Flights] ([Id], [StartTime], [EndTime], [PlaneId], [Cost]) VALUES (49, CAST(N'2017-04-17 10:35:00.000' AS DateTime), CAST(N'2017-04-17 11:50:00.000' AS DateTime), NULL, 1125)
INSERT [dbo].[Flights] ([Id], [StartTime], [EndTime], [PlaneId], [Cost]) VALUES (50, CAST(N'2017-04-18 10:35:00.000' AS DateTime), CAST(N'2017-04-18 11:50:00.000' AS DateTime), NULL, 1125)
INSERT [dbo].[Flights] ([Id], [StartTime], [EndTime], [PlaneId], [Cost]) VALUES (51, CAST(N'2017-04-19 10:35:00.000' AS DateTime), CAST(N'2017-04-19 11:50:00.000' AS DateTime), NULL, 1125)
INSERT [dbo].[Flights] ([Id], [StartTime], [EndTime], [PlaneId], [Cost]) VALUES (52, CAST(N'2017-04-16 07:45:00.000' AS DateTime), CAST(N'2017-04-16 09:10:00.000' AS DateTime), NULL, 1275)
INSERT [dbo].[Flights] ([Id], [StartTime], [EndTime], [PlaneId], [Cost]) VALUES (53, CAST(N'2017-04-17 07:45:00.000' AS DateTime), CAST(N'2017-04-17 09:10:00.000' AS DateTime), NULL, 1275)
INSERT [dbo].[Flights] ([Id], [StartTime], [EndTime], [PlaneId], [Cost]) VALUES (54, CAST(N'2017-04-18 07:45:00.000' AS DateTime), CAST(N'2017-04-18 09:10:00.000' AS DateTime), NULL, 1275)
INSERT [dbo].[Flights] ([Id], [StartTime], [EndTime], [PlaneId], [Cost]) VALUES (55, CAST(N'2017-04-19 07:45:00.000' AS DateTime), CAST(N'2017-04-19 09:10:00.000' AS DateTime), NULL, 1275)
INSERT [dbo].[Flights] ([Id], [StartTime], [EndTime], [PlaneId], [Cost]) VALUES (56, CAST(N'2017-04-15 13:05:00.000' AS DateTime), CAST(N'2017-04-15 14:30:00.000' AS DateTime), NULL, 1275)
INSERT [dbo].[Flights] ([Id], [StartTime], [EndTime], [PlaneId], [Cost]) VALUES (57, CAST(N'2017-04-16 13:05:00.000' AS DateTime), CAST(N'2017-04-16 14:30:00.000' AS DateTime), NULL, 1275)
INSERT [dbo].[Flights] ([Id], [StartTime], [EndTime], [PlaneId], [Cost]) VALUES (58, CAST(N'2017-04-17 13:05:00.000' AS DateTime), CAST(N'2017-04-17 14:30:00.000' AS DateTime), NULL, 1275)
INSERT [dbo].[Flights] ([Id], [StartTime], [EndTime], [PlaneId], [Cost]) VALUES (59, CAST(N'2017-04-18 13:05:00.000' AS DateTime), CAST(N'2017-04-18 14:30:00.000' AS DateTime), NULL, 1275)
INSERT [dbo].[Flights] ([Id], [StartTime], [EndTime], [PlaneId], [Cost]) VALUES (60, CAST(N'2017-04-19 13:05:00.000' AS DateTime), CAST(N'2017-04-19 14:30:00.000' AS DateTime), NULL, 1275)
INSERT [dbo].[Flights] ([Id], [StartTime], [EndTime], [PlaneId], [Cost]) VALUES (61, CAST(N'2017-04-16 06:00:00.000' AS DateTime), CAST(N'2017-04-16 07:45:00.000' AS DateTime), NULL, 1575)
INSERT [dbo].[Flights] ([Id], [StartTime], [EndTime], [PlaneId], [Cost]) VALUES (62, CAST(N'2017-04-17 06:00:00.000' AS DateTime), CAST(N'2017-04-17 07:45:00.000' AS DateTime), NULL, 1575)
INSERT [dbo].[Flights] ([Id], [StartTime], [EndTime], [PlaneId], [Cost]) VALUES (63, CAST(N'2017-04-19 06:00:00.000' AS DateTime), CAST(N'2017-04-19 07:45:00.000' AS DateTime), NULL, 1575)
INSERT [dbo].[Flights] ([Id], [StartTime], [EndTime], [PlaneId], [Cost]) VALUES (64, CAST(N'2017-04-16 18:15:00.000' AS DateTime), CAST(N'2017-04-16 20:25:00.000' AS DateTime), NULL, 1950)
INSERT [dbo].[Flights] ([Id], [StartTime], [EndTime], [PlaneId], [Cost]) VALUES (65, CAST(N'2017-04-15 07:00:00.000' AS DateTime), CAST(N'2017-04-15 09:10:00.000' AS DateTime), NULL, 1950)
INSERT [dbo].[Flights] ([Id], [StartTime], [EndTime], [PlaneId], [Cost]) VALUES (66, CAST(N'2017-04-16 07:00:00.000' AS DateTime), CAST(N'2017-04-16 09:10:00.000' AS DateTime), NULL, 1950)
INSERT [dbo].[Flights] ([Id], [StartTime], [EndTime], [PlaneId], [Cost]) VALUES (67, CAST(N'2017-04-17 07:00:00.000' AS DateTime), CAST(N'2017-04-17 09:10:00.000' AS DateTime), NULL, 1950)
INSERT [dbo].[Flights] ([Id], [StartTime], [EndTime], [PlaneId], [Cost]) VALUES (68, CAST(N'2017-04-18 07:00:00.000' AS DateTime), CAST(N'2017-04-18 09:10:00.000' AS DateTime), NULL, 1950)
INSERT [dbo].[Flights] ([Id], [StartTime], [EndTime], [PlaneId], [Cost]) VALUES (69, CAST(N'2017-04-19 07:00:00.000' AS DateTime), CAST(N'2017-04-19 09:10:00.000' AS DateTime), NULL, 1950)
INSERT [dbo].[Flights] ([Id], [StartTime], [EndTime], [PlaneId], [Cost]) VALUES (70, CAST(N'2017-04-16 13:15:00.000' AS DateTime), CAST(N'2017-04-16 14:25:00.000' AS DateTime), NULL, 1050)
INSERT [dbo].[Flights] ([Id], [StartTime], [EndTime], [PlaneId], [Cost]) VALUES (71, CAST(N'2017-04-13 08:45:00.000' AS DateTime), CAST(N'2017-04-13 09:55:00.000' AS DateTime), NULL, 1050)
INSERT [dbo].[Flights] ([Id], [StartTime], [EndTime], [PlaneId], [Cost]) VALUES (72, CAST(N'2017-04-16 08:45:00.000' AS DateTime), CAST(N'2017-04-16 09:55:00.000' AS DateTime), NULL, 1050)
INSERT [dbo].[Flights] ([Id], [StartTime], [EndTime], [PlaneId], [Cost]) VALUES (73, CAST(N'2017-04-17 08:45:00.000' AS DateTime), CAST(N'2017-04-17 09:55:00.000' AS DateTime), NULL, 1050)
INSERT [dbo].[Flights] ([Id], [StartTime], [EndTime], [PlaneId], [Cost]) VALUES (74, CAST(N'2017-04-18 08:45:00.000' AS DateTime), CAST(N'2017-04-18 09:55:00.000' AS DateTime), NULL, 1050)
INSERT [dbo].[Flights] ([Id], [StartTime], [EndTime], [PlaneId], [Cost]) VALUES (75, CAST(N'2017-04-19 08:45:00.000' AS DateTime), CAST(N'2017-04-19 09:55:00.000' AS DateTime), NULL, 1050)
INSERT [dbo].[Flights] ([Id], [StartTime], [EndTime], [PlaneId], [Cost]) VALUES (76, CAST(N'2017-04-16 06:30:00.000' AS DateTime), CAST(N'2017-04-16 08:25:00.000' AS DateTime), NULL, 1725)
INSERT [dbo].[Flights] ([Id], [StartTime], [EndTime], [PlaneId], [Cost]) VALUES (77, CAST(N'2017-04-17 06:30:00.000' AS DateTime), CAST(N'2017-04-17 08:25:00.000' AS DateTime), NULL, 1725)
INSERT [dbo].[Flights] ([Id], [StartTime], [EndTime], [PlaneId], [Cost]) VALUES (78, CAST(N'2017-04-19 06:30:00.000' AS DateTime), CAST(N'2017-04-19 08:25:00.000' AS DateTime), NULL, 1725)
INSERT [dbo].[Flights] ([Id], [StartTime], [EndTime], [PlaneId], [Cost]) VALUES (79, CAST(N'2017-04-16 06:40:00.000' AS DateTime), CAST(N'2017-04-16 08:45:00.000' AS DateTime), NULL, 1875)
INSERT [dbo].[Flights] ([Id], [StartTime], [EndTime], [PlaneId], [Cost]) VALUES (80, CAST(N'2017-04-17 06:40:00.000' AS DateTime), CAST(N'2017-04-17 08:45:00.000' AS DateTime), NULL, 1875)
INSERT [dbo].[Flights] ([Id], [StartTime], [EndTime], [PlaneId], [Cost]) VALUES (81, CAST(N'2017-04-18 06:40:00.000' AS DateTime), CAST(N'2017-04-18 08:45:00.000' AS DateTime), NULL, 1875)
INSERT [dbo].[Flights] ([Id], [StartTime], [EndTime], [PlaneId], [Cost]) VALUES (82, CAST(N'2017-04-19 06:40:00.000' AS DateTime), CAST(N'2017-04-19 08:45:00.000' AS DateTime), NULL, 1875)
INSERT [dbo].[Flights] ([Id], [StartTime], [EndTime], [PlaneId], [Cost]) VALUES (83, CAST(N'2017-04-16 08:25:00.000' AS DateTime), CAST(N'2017-04-16 10:05:00.000' AS DateTime), NULL, 1500)
INSERT [dbo].[Flights] ([Id], [StartTime], [EndTime], [PlaneId], [Cost]) VALUES (84, CAST(N'2017-04-19 08:25:00.000' AS DateTime), CAST(N'2017-04-19 10:05:00.000' AS DateTime), NULL, 1500)
INSERT [dbo].[Flights] ([Id], [StartTime], [EndTime], [PlaneId], [Cost]) VALUES (85, CAST(N'2017-04-16 07:25:00.000' AS DateTime), CAST(N'2017-04-16 09:05:00.000' AS DateTime), NULL, 1500)
INSERT [dbo].[Flights] ([Id], [StartTime], [EndTime], [PlaneId], [Cost]) VALUES (86, CAST(N'2017-04-17 07:25:00.000' AS DateTime), CAST(N'2017-04-17 09:05:00.000' AS DateTime), NULL, 1500)
INSERT [dbo].[Flights] ([Id], [StartTime], [EndTime], [PlaneId], [Cost]) VALUES (87, CAST(N'2017-04-18 07:25:00.000' AS DateTime), CAST(N'2017-04-18 09:05:00.000' AS DateTime), NULL, 1500)
INSERT [dbo].[Flights] ([Id], [StartTime], [EndTime], [PlaneId], [Cost]) VALUES (88, CAST(N'2017-04-19 07:25:00.000' AS DateTime), CAST(N'2017-04-19 09:05:00.000' AS DateTime), NULL, 1500)
INSERT [dbo].[Flights] ([Id], [StartTime], [EndTime], [PlaneId], [Cost]) VALUES (89, CAST(N'2017-04-16 06:00:00.000' AS DateTime), CAST(N'2017-04-16 08:10:00.000' AS DateTime), NULL, 1950)
INSERT [dbo].[Flights] ([Id], [StartTime], [EndTime], [PlaneId], [Cost]) VALUES (90, CAST(N'2017-04-17 06:00:00.000' AS DateTime), CAST(N'2017-04-17 08:10:00.000' AS DateTime), NULL, 1950)
INSERT [dbo].[Flights] ([Id], [StartTime], [EndTime], [PlaneId], [Cost]) VALUES (91, CAST(N'2017-04-18 06:00:00.000' AS DateTime), CAST(N'2017-04-18 08:10:00.000' AS DateTime), NULL, 1950)
INSERT [dbo].[Flights] ([Id], [StartTime], [EndTime], [PlaneId], [Cost]) VALUES (92, CAST(N'2017-04-13 09:05:00.000' AS DateTime), CAST(N'2017-04-13 10:10:00.000' AS DateTime), NULL, 825)
INSERT [dbo].[Flights] ([Id], [StartTime], [EndTime], [PlaneId], [Cost]) VALUES (93, CAST(N'2017-04-14 09:05:00.000' AS DateTime), CAST(N'2017-04-14 10:10:00.000' AS DateTime), NULL, 825)
INSERT [dbo].[Flights] ([Id], [StartTime], [EndTime], [PlaneId], [Cost]) VALUES (94, CAST(N'2017-04-15 09:05:00.000' AS DateTime), CAST(N'2017-04-15 10:10:00.000' AS DateTime), NULL, 825)
INSERT [dbo].[Flights] ([Id], [StartTime], [EndTime], [PlaneId], [Cost]) VALUES (95, CAST(N'2017-04-16 09:05:00.000' AS DateTime), CAST(N'2017-04-16 10:10:00.000' AS DateTime), NULL, 825)
INSERT [dbo].[Flights] ([Id], [StartTime], [EndTime], [PlaneId], [Cost]) VALUES (96, CAST(N'2017-04-17 09:05:00.000' AS DateTime), CAST(N'2017-04-17 10:10:00.000' AS DateTime), NULL, 825)
INSERT [dbo].[Flights] ([Id], [StartTime], [EndTime], [PlaneId], [Cost]) VALUES (97, CAST(N'2017-04-18 09:05:00.000' AS DateTime), CAST(N'2017-04-18 10:10:00.000' AS DateTime), NULL, 825)
INSERT [dbo].[Flights] ([Id], [StartTime], [EndTime], [PlaneId], [Cost]) VALUES (98, CAST(N'2017-04-19 09:05:00.000' AS DateTime), CAST(N'2017-04-19 10:10:00.000' AS DateTime), NULL, 825)
INSERT [dbo].[Flights] ([Id], [StartTime], [EndTime], [PlaneId], [Cost]) VALUES (99, CAST(N'2017-04-16 11:00:00.000' AS DateTime), CAST(N'2017-04-16 12:15:00.000' AS DateTime), NULL, 1125)
GO
INSERT [dbo].[Flights] ([Id], [StartTime], [EndTime], [PlaneId], [Cost]) VALUES (100, CAST(N'2017-04-17 11:00:00.000' AS DateTime), CAST(N'2017-04-17 12:15:00.000' AS DateTime), NULL, 1125)
INSERT [dbo].[Flights] ([Id], [StartTime], [EndTime], [PlaneId], [Cost]) VALUES (101, CAST(N'2017-04-18 11:00:00.000' AS DateTime), CAST(N'2017-04-18 12:15:00.000' AS DateTime), NULL, 1125)
INSERT [dbo].[Flights] ([Id], [StartTime], [EndTime], [PlaneId], [Cost]) VALUES (102, CAST(N'2017-04-19 11:00:00.000' AS DateTime), CAST(N'2017-04-19 12:15:00.000' AS DateTime), NULL, 1125)
INSERT [dbo].[Flights] ([Id], [StartTime], [EndTime], [PlaneId], [Cost]) VALUES (103, CAST(N'2017-04-16 12:15:00.000' AS DateTime), CAST(N'2017-04-16 14:10:00.000' AS DateTime), NULL, 1725)
INSERT [dbo].[Flights] ([Id], [StartTime], [EndTime], [PlaneId], [Cost]) VALUES (104, CAST(N'2017-04-17 12:15:00.000' AS DateTime), CAST(N'2017-04-17 14:10:00.000' AS DateTime), NULL, 1725)
INSERT [dbo].[Flights] ([Id], [StartTime], [EndTime], [PlaneId], [Cost]) VALUES (105, CAST(N'2017-04-18 12:15:00.000' AS DateTime), CAST(N'2017-04-18 14:10:00.000' AS DateTime), NULL, 1725)
INSERT [dbo].[Flights] ([Id], [StartTime], [EndTime], [PlaneId], [Cost]) VALUES (106, CAST(N'2017-04-19 12:15:00.000' AS DateTime), CAST(N'2017-04-19 14:10:00.000' AS DateTime), NULL, 1725)
INSERT [dbo].[Flights] ([Id], [StartTime], [EndTime], [PlaneId], [Cost]) VALUES (107, CAST(N'2017-04-16 06:30:00.000' AS DateTime), CAST(N'2017-04-16 07:50:00.000' AS DateTime), NULL, 1200)
INSERT [dbo].[Flights] ([Id], [StartTime], [EndTime], [PlaneId], [Cost]) VALUES (108, CAST(N'2017-04-16 11:45:00.000' AS DateTime), CAST(N'2017-04-16 13:40:00.000' AS DateTime), NULL, 1725)
INSERT [dbo].[Flights] ([Id], [StartTime], [EndTime], [PlaneId], [Cost]) VALUES (109, CAST(N'2017-04-17 11:45:00.000' AS DateTime), CAST(N'2017-04-17 13:40:00.000' AS DateTime), NULL, 1725)
INSERT [dbo].[Flights] ([Id], [StartTime], [EndTime], [PlaneId], [Cost]) VALUES (110, CAST(N'2017-04-18 11:45:00.000' AS DateTime), CAST(N'2017-04-18 13:40:00.000' AS DateTime), NULL, 1725)
INSERT [dbo].[Flights] ([Id], [StartTime], [EndTime], [PlaneId], [Cost]) VALUES (111, CAST(N'2017-04-19 11:45:00.000' AS DateTime), CAST(N'2017-04-19 13:40:00.000' AS DateTime), NULL, 1725)
INSERT [dbo].[Flights] ([Id], [StartTime], [EndTime], [PlaneId], [Cost]) VALUES (112, CAST(N'2017-04-17 09:35:00.000' AS DateTime), CAST(N'2017-04-17 10:50:00.000' AS DateTime), NULL, 1125)
INSERT [dbo].[Flights] ([Id], [StartTime], [EndTime], [PlaneId], [Cost]) VALUES (113, CAST(N'2017-04-16 09:10:00.000' AS DateTime), CAST(N'2017-04-16 11:05:00.000' AS DateTime), NULL, 1725)
INSERT [dbo].[Flights] ([Id], [StartTime], [EndTime], [PlaneId], [Cost]) VALUES (114, CAST(N'2017-04-17 09:10:00.000' AS DateTime), CAST(N'2017-04-17 11:05:00.000' AS DateTime), NULL, 1725)
INSERT [dbo].[Flights] ([Id], [StartTime], [EndTime], [PlaneId], [Cost]) VALUES (115, CAST(N'2017-04-19 09:10:00.000' AS DateTime), CAST(N'2017-04-19 11:05:00.000' AS DateTime), NULL, 1725)
INSERT [dbo].[Flights] ([Id], [StartTime], [EndTime], [PlaneId], [Cost]) VALUES (116, CAST(N'2017-04-16 11:00:00.000' AS DateTime), CAST(N'2017-04-16 12:00:00.000' AS DateTime), NULL, 900)
INSERT [dbo].[Flights] ([Id], [StartTime], [EndTime], [PlaneId], [Cost]) VALUES (117, CAST(N'2017-04-17 11:00:00.000' AS DateTime), CAST(N'2017-04-17 12:00:00.000' AS DateTime), NULL, 900)
INSERT [dbo].[Flights] ([Id], [StartTime], [EndTime], [PlaneId], [Cost]) VALUES (118, CAST(N'2017-04-18 11:00:00.000' AS DateTime), CAST(N'2017-04-18 12:00:00.000' AS DateTime), NULL, 900)
INSERT [dbo].[Flights] ([Id], [StartTime], [EndTime], [PlaneId], [Cost]) VALUES (119, CAST(N'2017-04-19 11:00:00.000' AS DateTime), CAST(N'2017-04-19 12:00:00.000' AS DateTime), NULL, 900)
INSERT [dbo].[Flights] ([Id], [StartTime], [EndTime], [PlaneId], [Cost]) VALUES (120, CAST(N'2017-04-16 06:25:00.000' AS DateTime), CAST(N'2017-04-16 07:30:00.000' AS DateTime), NULL, 975)
INSERT [dbo].[Flights] ([Id], [StartTime], [EndTime], [PlaneId], [Cost]) VALUES (121, CAST(N'2017-04-17 06:25:00.000' AS DateTime), CAST(N'2017-04-17 07:30:00.000' AS DateTime), NULL, 975)
INSERT [dbo].[Flights] ([Id], [StartTime], [EndTime], [PlaneId], [Cost]) VALUES (122, CAST(N'2017-04-18 06:25:00.000' AS DateTime), CAST(N'2017-04-18 07:30:00.000' AS DateTime), NULL, 975)
INSERT [dbo].[Flights] ([Id], [StartTime], [EndTime], [PlaneId], [Cost]) VALUES (123, CAST(N'2017-04-19 06:25:00.000' AS DateTime), CAST(N'2017-04-19 07:30:00.000' AS DateTime), NULL, 975)
INSERT [dbo].[Flights] ([Id], [StartTime], [EndTime], [PlaneId], [Cost]) VALUES (124, CAST(N'2017-04-13 13:20:00.000' AS DateTime), CAST(N'2017-04-13 14:15:00.000' AS DateTime), NULL, 825)
INSERT [dbo].[Flights] ([Id], [StartTime], [EndTime], [PlaneId], [Cost]) VALUES (125, CAST(N'2017-04-14 13:20:00.000' AS DateTime), CAST(N'2017-04-14 14:15:00.000' AS DateTime), NULL, 825)
INSERT [dbo].[Flights] ([Id], [StartTime], [EndTime], [PlaneId], [Cost]) VALUES (126, CAST(N'2017-04-15 13:20:00.000' AS DateTime), CAST(N'2017-04-15 14:15:00.000' AS DateTime), NULL, 825)
INSERT [dbo].[Flights] ([Id], [StartTime], [EndTime], [PlaneId], [Cost]) VALUES (127, CAST(N'2017-04-16 13:20:00.000' AS DateTime), CAST(N'2017-04-16 14:15:00.000' AS DateTime), NULL, 825)
INSERT [dbo].[Flights] ([Id], [StartTime], [EndTime], [PlaneId], [Cost]) VALUES (128, CAST(N'2017-04-17 13:20:00.000' AS DateTime), CAST(N'2017-04-17 14:15:00.000' AS DateTime), NULL, 825)
INSERT [dbo].[Flights] ([Id], [StartTime], [EndTime], [PlaneId], [Cost]) VALUES (129, CAST(N'2017-04-18 13:20:00.000' AS DateTime), CAST(N'2017-04-18 14:15:00.000' AS DateTime), NULL, 825)
INSERT [dbo].[Flights] ([Id], [StartTime], [EndTime], [PlaneId], [Cost]) VALUES (130, CAST(N'2017-04-19 13:20:00.000' AS DateTime), CAST(N'2017-04-19 14:15:00.000' AS DateTime), NULL, 825)
INSERT [dbo].[Flights] ([Id], [StartTime], [EndTime], [PlaneId], [Cost]) VALUES (131, CAST(N'2017-04-17 14:20:00.000' AS DateTime), CAST(N'2017-04-17 16:30:00.000' AS DateTime), NULL, 1950)
INSERT [dbo].[Flights] ([Id], [StartTime], [EndTime], [PlaneId], [Cost]) VALUES (132, CAST(N'2017-04-19 14:20:00.000' AS DateTime), CAST(N'2017-04-19 16:30:00.000' AS DateTime), NULL, 1950)
INSERT [dbo].[Flights] ([Id], [StartTime], [EndTime], [PlaneId], [Cost]) VALUES (133, CAST(N'2017-04-16 10:15:00.000' AS DateTime), CAST(N'2017-04-16 11:20:00.000' AS DateTime), NULL, 975)
INSERT [dbo].[Flights] ([Id], [StartTime], [EndTime], [PlaneId], [Cost]) VALUES (134, CAST(N'2017-04-17 10:15:00.000' AS DateTime), CAST(N'2017-04-17 11:20:00.000' AS DateTime), NULL, 975)
INSERT [dbo].[Flights] ([Id], [StartTime], [EndTime], [PlaneId], [Cost]) VALUES (135, CAST(N'2017-04-18 10:15:00.000' AS DateTime), CAST(N'2017-04-18 11:20:00.000' AS DateTime), NULL, 975)
INSERT [dbo].[Flights] ([Id], [StartTime], [EndTime], [PlaneId], [Cost]) VALUES (136, CAST(N'2017-04-19 10:15:00.000' AS DateTime), CAST(N'2017-04-19 11:20:00.000' AS DateTime), NULL, 975)
INSERT [dbo].[Flights] ([Id], [StartTime], [EndTime], [PlaneId], [Cost]) VALUES (137, CAST(N'2017-04-16 10:40:00.000' AS DateTime), CAST(N'2017-04-16 12:20:00.000' AS DateTime), NULL, 1500)
INSERT [dbo].[Flights] ([Id], [StartTime], [EndTime], [PlaneId], [Cost]) VALUES (138, CAST(N'2017-04-19 10:40:00.000' AS DateTime), CAST(N'2017-04-19 12:20:00.000' AS DateTime), NULL, 1500)
INSERT [dbo].[Flights] ([Id], [StartTime], [EndTime], [PlaneId], [Cost]) VALUES (139, CAST(N'2017-04-16 11:05:00.000' AS DateTime), CAST(N'2017-04-16 12:40:00.000' AS DateTime), NULL, 1425)
INSERT [dbo].[Flights] ([Id], [StartTime], [EndTime], [PlaneId], [Cost]) VALUES (140, CAST(N'2017-04-17 11:05:00.000' AS DateTime), CAST(N'2017-04-17 12:40:00.000' AS DateTime), NULL, 1425)
INSERT [dbo].[Flights] ([Id], [StartTime], [EndTime], [PlaneId], [Cost]) VALUES (141, CAST(N'2017-04-16 09:40:00.000' AS DateTime), CAST(N'2017-04-16 10:50:00.000' AS DateTime), NULL, 1050)
INSERT [dbo].[Flights] ([Id], [StartTime], [EndTime], [PlaneId], [Cost]) VALUES (142, CAST(N'2017-04-17 09:40:00.000' AS DateTime), CAST(N'2017-04-17 10:50:00.000' AS DateTime), NULL, 1050)
INSERT [dbo].[Flights] ([Id], [StartTime], [EndTime], [PlaneId], [Cost]) VALUES (143, CAST(N'2017-04-18 09:40:00.000' AS DateTime), CAST(N'2017-04-18 10:50:00.000' AS DateTime), NULL, 1050)
INSERT [dbo].[Flights] ([Id], [StartTime], [EndTime], [PlaneId], [Cost]) VALUES (144, CAST(N'2017-04-19 09:40:00.000' AS DateTime), CAST(N'2017-04-19 10:50:00.000' AS DateTime), NULL, 1050)
INSERT [dbo].[Flights] ([Id], [StartTime], [EndTime], [PlaneId], [Cost]) VALUES (145, CAST(N'2017-04-13 07:10:00.000' AS DateTime), CAST(N'2017-04-13 08:05:00.000' AS DateTime), NULL, 825)
INSERT [dbo].[Flights] ([Id], [StartTime], [EndTime], [PlaneId], [Cost]) VALUES (146, CAST(N'2017-04-14 07:10:00.000' AS DateTime), CAST(N'2017-04-14 08:05:00.000' AS DateTime), NULL, 825)
INSERT [dbo].[Flights] ([Id], [StartTime], [EndTime], [PlaneId], [Cost]) VALUES (147, CAST(N'2017-04-15 07:10:00.000' AS DateTime), CAST(N'2017-04-15 08:05:00.000' AS DateTime), NULL, 825)
INSERT [dbo].[Flights] ([Id], [StartTime], [EndTime], [PlaneId], [Cost]) VALUES (148, CAST(N'2017-04-16 07:10:00.000' AS DateTime), CAST(N'2017-04-16 08:05:00.000' AS DateTime), NULL, 825)
INSERT [dbo].[Flights] ([Id], [StartTime], [EndTime], [PlaneId], [Cost]) VALUES (149, CAST(N'2017-04-17 07:10:00.000' AS DateTime), CAST(N'2017-04-17 08:05:00.000' AS DateTime), NULL, 825)
INSERT [dbo].[Flights] ([Id], [StartTime], [EndTime], [PlaneId], [Cost]) VALUES (150, CAST(N'2017-04-18 07:10:00.000' AS DateTime), CAST(N'2017-04-18 08:05:00.000' AS DateTime), NULL, 825)
INSERT [dbo].[Flights] ([Id], [StartTime], [EndTime], [PlaneId], [Cost]) VALUES (151, CAST(N'2017-04-19 07:10:00.000' AS DateTime), CAST(N'2017-04-19 08:05:00.000' AS DateTime), NULL, 825)
INSERT [dbo].[Flights] ([Id], [StartTime], [EndTime], [PlaneId], [Cost]) VALUES (152, CAST(N'2017-04-16 17:20:00.000' AS DateTime), CAST(N'2017-04-16 19:20:00.000' AS DateTime), NULL, 1800)
INSERT [dbo].[Flights] ([Id], [StartTime], [EndTime], [PlaneId], [Cost]) VALUES (153, CAST(N'2017-04-17 17:20:00.000' AS DateTime), CAST(N'2017-04-17 19:20:00.000' AS DateTime), NULL, 1800)
INSERT [dbo].[Flights] ([Id], [StartTime], [EndTime], [PlaneId], [Cost]) VALUES (154, CAST(N'2017-04-18 17:20:00.000' AS DateTime), CAST(N'2017-04-18 19:20:00.000' AS DateTime), NULL, 1800)
INSERT [dbo].[Flights] ([Id], [StartTime], [EndTime], [PlaneId], [Cost]) VALUES (155, CAST(N'2017-04-19 17:20:00.000' AS DateTime), CAST(N'2017-04-19 19:20:00.000' AS DateTime), NULL, 1800)
INSERT [dbo].[Flights] ([Id], [StartTime], [EndTime], [PlaneId], [Cost]) VALUES (156, CAST(N'2017-04-16 07:00:00.000' AS DateTime), CAST(N'2017-04-16 08:00:00.000' AS DateTime), NULL, 900)
INSERT [dbo].[Flights] ([Id], [StartTime], [EndTime], [PlaneId], [Cost]) VALUES (157, CAST(N'2017-04-17 07:00:00.000' AS DateTime), CAST(N'2017-04-17 08:00:00.000' AS DateTime), NULL, 900)
INSERT [dbo].[Flights] ([Id], [StartTime], [EndTime], [PlaneId], [Cost]) VALUES (158, CAST(N'2017-04-18 07:00:00.000' AS DateTime), CAST(N'2017-04-18 08:00:00.000' AS DateTime), NULL, 900)
INSERT [dbo].[Flights] ([Id], [StartTime], [EndTime], [PlaneId], [Cost]) VALUES (159, CAST(N'2017-04-19 07:00:00.000' AS DateTime), CAST(N'2017-04-19 08:00:00.000' AS DateTime), NULL, 900)
INSERT [dbo].[Flights] ([Id], [StartTime], [EndTime], [PlaneId], [Cost]) VALUES (160, CAST(N'2017-04-16 05:55:00.000' AS DateTime), CAST(N'2017-04-16 06:55:00.000' AS DateTime), NULL, 900)
INSERT [dbo].[Flights] ([Id], [StartTime], [EndTime], [PlaneId], [Cost]) VALUES (161, CAST(N'2017-04-16 05:40:00.000' AS DateTime), CAST(N'2017-04-16 07:05:00.000' AS DateTime), NULL, 1275)
INSERT [dbo].[Flights] ([Id], [StartTime], [EndTime], [PlaneId], [Cost]) VALUES (162, CAST(N'2017-04-17 05:40:00.000' AS DateTime), CAST(N'2017-04-17 07:05:00.000' AS DateTime), NULL, 1275)
INSERT [dbo].[Flights] ([Id], [StartTime], [EndTime], [PlaneId], [Cost]) VALUES (163, CAST(N'2017-04-18 05:40:00.000' AS DateTime), CAST(N'2017-04-18 07:05:00.000' AS DateTime), NULL, 1275)
INSERT [dbo].[Flights] ([Id], [StartTime], [EndTime], [PlaneId], [Cost]) VALUES (164, CAST(N'2017-04-19 05:40:00.000' AS DateTime), CAST(N'2017-04-19 07:05:00.000' AS DateTime), NULL, 1275)
INSERT [dbo].[Flights] ([Id], [StartTime], [EndTime], [PlaneId], [Cost]) VALUES (165, CAST(N'2017-04-16 05:45:00.000' AS DateTime), CAST(N'2017-04-16 07:50:00.000' AS DateTime), NULL, 1875)
INSERT [dbo].[Flights] ([Id], [StartTime], [EndTime], [PlaneId], [Cost]) VALUES (166, CAST(N'2017-04-17 05:45:00.000' AS DateTime), CAST(N'2017-04-17 07:50:00.000' AS DateTime), NULL, 1875)
INSERT [dbo].[Flights] ([Id], [StartTime], [EndTime], [PlaneId], [Cost]) VALUES (167, CAST(N'2017-04-18 05:45:00.000' AS DateTime), CAST(N'2017-04-18 07:50:00.000' AS DateTime), NULL, 1875)
INSERT [dbo].[Flights] ([Id], [StartTime], [EndTime], [PlaneId], [Cost]) VALUES (168, CAST(N'2017-04-16 06:30:00.000' AS DateTime), CAST(N'2017-04-16 08:35:00.000' AS DateTime), NULL, 1875)
INSERT [dbo].[Flights] ([Id], [StartTime], [EndTime], [PlaneId], [Cost]) VALUES (169, CAST(N'2017-04-17 06:30:00.000' AS DateTime), CAST(N'2017-04-17 08:35:00.000' AS DateTime), NULL, 1875)
INSERT [dbo].[Flights] ([Id], [StartTime], [EndTime], [PlaneId], [Cost]) VALUES (170, CAST(N'2017-04-18 06:30:00.000' AS DateTime), CAST(N'2017-04-18 08:35:00.000' AS DateTime), NULL, 1875)
INSERT [dbo].[Flights] ([Id], [StartTime], [EndTime], [PlaneId], [Cost]) VALUES (171, CAST(N'2017-04-16 17:50:00.000' AS DateTime), CAST(N'2017-04-16 19:50:00.000' AS DateTime), NULL, 1800)
INSERT [dbo].[Flights] ([Id], [StartTime], [EndTime], [PlaneId], [Cost]) VALUES (172, CAST(N'2017-04-17 17:50:00.000' AS DateTime), CAST(N'2017-04-17 19:50:00.000' AS DateTime), NULL, 1800)
INSERT [dbo].[Flights] ([Id], [StartTime], [EndTime], [PlaneId], [Cost]) VALUES (173, CAST(N'2017-04-15 15:50:00.000' AS DateTime), CAST(N'2017-04-15 17:00:00.000' AS DateTime), NULL, 1050)
INSERT [dbo].[Flights] ([Id], [StartTime], [EndTime], [PlaneId], [Cost]) VALUES (174, CAST(N'2017-04-16 15:50:00.000' AS DateTime), CAST(N'2017-04-16 17:00:00.000' AS DateTime), NULL, 1050)
INSERT [dbo].[Flights] ([Id], [StartTime], [EndTime], [PlaneId], [Cost]) VALUES (175, CAST(N'2017-04-17 15:50:00.000' AS DateTime), CAST(N'2017-04-17 17:00:00.000' AS DateTime), NULL, 1050)
INSERT [dbo].[Flights] ([Id], [StartTime], [EndTime], [PlaneId], [Cost]) VALUES (176, CAST(N'2017-04-19 15:50:00.000' AS DateTime), CAST(N'2017-04-19 17:00:00.000' AS DateTime), NULL, 1050)
INSERT [dbo].[Flights] ([Id], [StartTime], [EndTime], [PlaneId], [Cost]) VALUES (177, CAST(N'2017-04-16 08:20:00.000' AS DateTime), CAST(N'2017-04-16 09:20:00.000' AS DateTime), NULL, 900)
INSERT [dbo].[Flights] ([Id], [StartTime], [EndTime], [PlaneId], [Cost]) VALUES (178, CAST(N'2017-04-16 12:50:00.000' AS DateTime), CAST(N'2017-04-16 13:50:00.000' AS DateTime), NULL, 900)
INSERT [dbo].[Flights] ([Id], [StartTime], [EndTime], [PlaneId], [Cost]) VALUES (179, CAST(N'2017-04-19 12:50:00.000' AS DateTime), CAST(N'2017-04-19 13:50:00.000' AS DateTime), NULL, 900)
INSERT [dbo].[Flights] ([Id], [StartTime], [EndTime], [PlaneId], [Cost]) VALUES (180, CAST(N'2017-04-16 19:40:00.000' AS DateTime), CAST(N'2017-04-16 20:45:00.000' AS DateTime), NULL, 975)
INSERT [dbo].[Flights] ([Id], [StartTime], [EndTime], [PlaneId], [Cost]) VALUES (181, CAST(N'2017-04-17 19:40:00.000' AS DateTime), CAST(N'2017-04-17 20:45:00.000' AS DateTime), NULL, 975)
INSERT [dbo].[Flights] ([Id], [StartTime], [EndTime], [PlaneId], [Cost]) VALUES (182, CAST(N'2017-04-18 19:40:00.000' AS DateTime), CAST(N'2017-04-18 20:45:00.000' AS DateTime), NULL, 975)
INSERT [dbo].[Flights] ([Id], [StartTime], [EndTime], [PlaneId], [Cost]) VALUES (183, CAST(N'2017-04-19 19:40:00.000' AS DateTime), CAST(N'2017-04-19 20:45:00.000' AS DateTime), NULL, 975)
INSERT [dbo].[Flights] ([Id], [StartTime], [EndTime], [PlaneId], [Cost]) VALUES (184, CAST(N'2017-04-16 13:25:00.000' AS DateTime), CAST(N'2017-04-16 14:35:00.000' AS DateTime), NULL, 1050)
INSERT [dbo].[Flights] ([Id], [StartTime], [EndTime], [PlaneId], [Cost]) VALUES (185, CAST(N'2017-04-17 13:25:00.000' AS DateTime), CAST(N'2017-04-17 14:35:00.000' AS DateTime), NULL, 1050)
INSERT [dbo].[Flights] ([Id], [StartTime], [EndTime], [PlaneId], [Cost]) VALUES (186, CAST(N'2017-04-18 13:25:00.000' AS DateTime), CAST(N'2017-04-18 14:35:00.000' AS DateTime), NULL, 1050)
INSERT [dbo].[Flights] ([Id], [StartTime], [EndTime], [PlaneId], [Cost]) VALUES (187, CAST(N'2017-04-13 05:50:00.000' AS DateTime), CAST(N'2017-04-13 06:40:00.000' AS DateTime), NULL, 750)
INSERT [dbo].[Flights] ([Id], [StartTime], [EndTime], [PlaneId], [Cost]) VALUES (188, CAST(N'2017-04-14 05:50:00.000' AS DateTime), CAST(N'2017-04-14 06:40:00.000' AS DateTime), NULL, 750)
INSERT [dbo].[Flights] ([Id], [StartTime], [EndTime], [PlaneId], [Cost]) VALUES (189, CAST(N'2017-04-15 05:50:00.000' AS DateTime), CAST(N'2017-04-15 06:40:00.000' AS DateTime), NULL, 750)
INSERT [dbo].[Flights] ([Id], [StartTime], [EndTime], [PlaneId], [Cost]) VALUES (190, CAST(N'2017-04-16 05:50:00.000' AS DateTime), CAST(N'2017-04-16 06:40:00.000' AS DateTime), NULL, 750)
INSERT [dbo].[Flights] ([Id], [StartTime], [EndTime], [PlaneId], [Cost]) VALUES (191, CAST(N'2017-04-17 05:50:00.000' AS DateTime), CAST(N'2017-04-17 06:40:00.000' AS DateTime), NULL, 750)
INSERT [dbo].[Flights] ([Id], [StartTime], [EndTime], [PlaneId], [Cost]) VALUES (192, CAST(N'2017-04-18 05:50:00.000' AS DateTime), CAST(N'2017-04-18 06:40:00.000' AS DateTime), NULL, 750)
INSERT [dbo].[Flights] ([Id], [StartTime], [EndTime], [PlaneId], [Cost]) VALUES (193, CAST(N'2017-04-19 05:50:00.000' AS DateTime), CAST(N'2017-04-19 06:40:00.000' AS DateTime), NULL, 750)
INSERT [dbo].[Flights] ([Id], [StartTime], [EndTime], [PlaneId], [Cost]) VALUES (194, CAST(N'2017-04-16 14:30:00.000' AS DateTime), CAST(N'2017-04-16 16:30:00.000' AS DateTime), NULL, 1800)
INSERT [dbo].[Flights] ([Id], [StartTime], [EndTime], [PlaneId], [Cost]) VALUES (195, CAST(N'2017-04-17 14:30:00.000' AS DateTime), CAST(N'2017-04-17 16:30:00.000' AS DateTime), NULL, 1800)
INSERT [dbo].[Flights] ([Id], [StartTime], [EndTime], [PlaneId], [Cost]) VALUES (196, CAST(N'2017-04-18 14:30:00.000' AS DateTime), CAST(N'2017-04-18 16:30:00.000' AS DateTime), NULL, 1800)
INSERT [dbo].[Flights] ([Id], [StartTime], [EndTime], [PlaneId], [Cost]) VALUES (197, CAST(N'2017-04-19 14:30:00.000' AS DateTime), CAST(N'2017-04-19 16:30:00.000' AS DateTime), NULL, 1800)
INSERT [dbo].[Flights] ([Id], [StartTime], [EndTime], [PlaneId], [Cost]) VALUES (198, CAST(N'2017-04-18 06:40:00.000' AS DateTime), CAST(N'2017-04-18 08:30:00.000' AS DateTime), NULL, 1650)
INSERT [dbo].[Flights] ([Id], [StartTime], [EndTime], [PlaneId], [Cost]) VALUES (199, CAST(N'2017-04-19 06:40:00.000' AS DateTime), CAST(N'2017-04-19 08:30:00.000' AS DateTime), NULL, 1650)
GO
INSERT [dbo].[Flights] ([Id], [StartTime], [EndTime], [PlaneId], [Cost]) VALUES (200, CAST(N'2017-04-19 06:35:00.000' AS DateTime), CAST(N'2017-04-19 07:25:00.000' AS DateTime), NULL, 750)
INSERT [dbo].[Flights] ([Id], [StartTime], [EndTime], [PlaneId], [Cost]) VALUES (201, CAST(N'2017-04-15 06:30:00.000' AS DateTime), CAST(N'2017-04-15 07:50:00.000' AS DateTime), NULL, 1200)
INSERT [dbo].[Flights] ([Id], [StartTime], [EndTime], [PlaneId], [Cost]) VALUES (202, CAST(N'2017-04-19 06:30:00.000' AS DateTime), CAST(N'2017-04-19 07:50:00.000' AS DateTime), NULL, 1200)
INSERT [dbo].[Flights] ([Id], [StartTime], [EndTime], [PlaneId], [Cost]) VALUES (203, CAST(N'2017-04-16 08:00:00.000' AS DateTime), CAST(N'2017-04-16 09:20:00.000' AS DateTime), NULL, 1200)
INSERT [dbo].[Flights] ([Id], [StartTime], [EndTime], [PlaneId], [Cost]) VALUES (204, CAST(N'2017-04-17 08:00:00.000' AS DateTime), CAST(N'2017-04-17 09:20:00.000' AS DateTime), NULL, 1200)
INSERT [dbo].[Flights] ([Id], [StartTime], [EndTime], [PlaneId], [Cost]) VALUES (205, CAST(N'2017-04-18 08:00:00.000' AS DateTime), CAST(N'2017-04-18 09:20:00.000' AS DateTime), NULL, 1200)
INSERT [dbo].[Flights] ([Id], [StartTime], [EndTime], [PlaneId], [Cost]) VALUES (206, CAST(N'2017-04-19 08:00:00.000' AS DateTime), CAST(N'2017-04-19 09:20:00.000' AS DateTime), NULL, 1200)
INSERT [dbo].[Flights] ([Id], [StartTime], [EndTime], [PlaneId], [Cost]) VALUES (207, CAST(N'2017-04-19 17:30:00.000' AS DateTime), CAST(N'2017-04-19 19:05:00.000' AS DateTime), NULL, 1425)
INSERT [dbo].[Flights] ([Id], [StartTime], [EndTime], [PlaneId], [Cost]) VALUES (208, CAST(N'2017-04-19 09:10:00.000' AS DateTime), CAST(N'2017-04-19 12:10:00.000' AS DateTime), NULL, 2700)
INSERT [dbo].[Flights] ([Id], [StartTime], [EndTime], [PlaneId], [Cost]) VALUES (209, CAST(N'2017-04-19 10:35:00.000' AS DateTime), CAST(N'2017-04-19 14:20:00.000' AS DateTime), NULL, 3375)
INSERT [dbo].[Flights] ([Id], [StartTime], [EndTime], [PlaneId], [Cost]) VALUES (210, CAST(N'2017-04-19 08:30:00.000' AS DateTime), CAST(N'2017-04-19 16:45:00.000' AS DateTime), NULL, 7425)
INSERT [dbo].[Flights] ([Id], [StartTime], [EndTime], [PlaneId], [Cost]) VALUES (211, CAST(N'2017-04-19 16:25:00.000' AS DateTime), CAST(N'2017-04-19 21:05:00.000' AS DateTime), NULL, 4200)
INSERT [dbo].[Flights] ([Id], [StartTime], [EndTime], [PlaneId], [Cost]) VALUES (212, CAST(N'2017-04-19 23:45:00.000' AS DateTime), CAST(N'2017-04-19 06:40:00.000' AS DateTime), NULL, 6225)
INSERT [dbo].[Flights] ([Id], [StartTime], [EndTime], [PlaneId], [Cost]) VALUES (213, CAST(N'2017-04-16 06:30:00.000' AS DateTime), CAST(N'2017-04-16 07:50:00.000' AS DateTime), NULL, 1200)
INSERT [dbo].[Flights] ([Id], [StartTime], [EndTime], [PlaneId], [Cost]) VALUES (214, CAST(N'2017-04-17 06:30:00.000' AS DateTime), CAST(N'2017-04-17 07:50:00.000' AS DateTime), NULL, 1200)
INSERT [dbo].[Flights] ([Id], [StartTime], [EndTime], [PlaneId], [Cost]) VALUES (215, CAST(N'2017-04-18 06:30:00.000' AS DateTime), CAST(N'2017-04-18 07:50:00.000' AS DateTime), NULL, 1200)
INSERT [dbo].[Flights] ([Id], [StartTime], [EndTime], [PlaneId], [Cost]) VALUES (216, CAST(N'2017-04-19 06:30:00.000' AS DateTime), CAST(N'2017-04-19 07:50:00.000' AS DateTime), NULL, 1200)
INSERT [dbo].[Flights] ([Id], [StartTime], [EndTime], [PlaneId], [Cost]) VALUES (217, CAST(N'2017-04-16 14:15:00.000' AS DateTime), CAST(N'2017-04-16 15:40:00.000' AS DateTime), NULL, 1275)
INSERT [dbo].[Flights] ([Id], [StartTime], [EndTime], [PlaneId], [Cost]) VALUES (218, CAST(N'2017-04-14 12:35:00.000' AS DateTime), CAST(N'2017-04-14 14:00:00.000' AS DateTime), NULL, 1275)
INSERT [dbo].[Flights] ([Id], [StartTime], [EndTime], [PlaneId], [Cost]) VALUES (219, CAST(N'2017-04-16 12:35:00.000' AS DateTime), CAST(N'2017-04-16 14:00:00.000' AS DateTime), NULL, 1275)
INSERT [dbo].[Flights] ([Id], [StartTime], [EndTime], [PlaneId], [Cost]) VALUES (220, CAST(N'2017-04-17 12:35:00.000' AS DateTime), CAST(N'2017-04-17 14:00:00.000' AS DateTime), NULL, 1275)
INSERT [dbo].[Flights] ([Id], [StartTime], [EndTime], [PlaneId], [Cost]) VALUES (221, CAST(N'2017-04-19 12:35:00.000' AS DateTime), CAST(N'2017-04-19 14:00:00.000' AS DateTime), NULL, 1275)
INSERT [dbo].[Flights] ([Id], [StartTime], [EndTime], [PlaneId], [Cost]) VALUES (222, CAST(N'2017-04-16 13:15:00.000' AS DateTime), CAST(N'2017-04-16 14:25:00.000' AS DateTime), NULL, 1050)
INSERT [dbo].[Flights] ([Id], [StartTime], [EndTime], [PlaneId], [Cost]) VALUES (223, CAST(N'2017-04-17 13:15:00.000' AS DateTime), CAST(N'2017-04-17 14:25:00.000' AS DateTime), NULL, 1050)
INSERT [dbo].[Flights] ([Id], [StartTime], [EndTime], [PlaneId], [Cost]) VALUES (224, CAST(N'2017-04-18 13:15:00.000' AS DateTime), CAST(N'2017-04-18 14:25:00.000' AS DateTime), NULL, 1050)
INSERT [dbo].[Flights] ([Id], [StartTime], [EndTime], [PlaneId], [Cost]) VALUES (225, CAST(N'2017-04-19 13:15:00.000' AS DateTime), CAST(N'2017-04-19 14:25:00.000' AS DateTime), NULL, 1050)
SET IDENTITY_INSERT [dbo].[Flights] OFF
SET IDENTITY_INSERT [dbo].[FlightsProvincesModels] ON 

INSERT [dbo].[FlightsProvincesModels] ([Id], [ProvinceId], [FlightId], [IsSource]) VALUES (1, 15, 1, 1)
INSERT [dbo].[FlightsProvincesModels] ([Id], [ProvinceId], [FlightId], [IsSource]) VALUES (2, 2, 2, 1)
INSERT [dbo].[FlightsProvincesModels] ([Id], [ProvinceId], [FlightId], [IsSource]) VALUES (3, 2, 3, 1)
INSERT [dbo].[FlightsProvincesModels] ([Id], [ProvinceId], [FlightId], [IsSource]) VALUES (4, 2, 4, 1)
INSERT [dbo].[FlightsProvincesModels] ([Id], [ProvinceId], [FlightId], [IsSource]) VALUES (5, 2, 5, 1)
INSERT [dbo].[FlightsProvincesModels] ([Id], [ProvinceId], [FlightId], [IsSource]) VALUES (6, 2, 6, 1)
INSERT [dbo].[FlightsProvincesModels] ([Id], [ProvinceId], [FlightId], [IsSource]) VALUES (7, 2, 7, 1)
INSERT [dbo].[FlightsProvincesModels] ([Id], [ProvinceId], [FlightId], [IsSource]) VALUES (8, 2, 8, 1)
INSERT [dbo].[FlightsProvincesModels] ([Id], [ProvinceId], [FlightId], [IsSource]) VALUES (9, 2, 9, 1)
INSERT [dbo].[FlightsProvincesModels] ([Id], [ProvinceId], [FlightId], [IsSource]) VALUES (10, 2, 10, 1)
INSERT [dbo].[FlightsProvincesModels] ([Id], [ProvinceId], [FlightId], [IsSource]) VALUES (11, 2, 11, 1)
INSERT [dbo].[FlightsProvincesModels] ([Id], [ProvinceId], [FlightId], [IsSource]) VALUES (12, 2, 12, 1)
INSERT [dbo].[FlightsProvincesModels] ([Id], [ProvinceId], [FlightId], [IsSource]) VALUES (13, 2, 13, 1)
INSERT [dbo].[FlightsProvincesModels] ([Id], [ProvinceId], [FlightId], [IsSource]) VALUES (14, 2, 14, 1)
INSERT [dbo].[FlightsProvincesModels] ([Id], [ProvinceId], [FlightId], [IsSource]) VALUES (15, 2, 15, 1)
INSERT [dbo].[FlightsProvincesModels] ([Id], [ProvinceId], [FlightId], [IsSource]) VALUES (16, 5, 16, 1)
INSERT [dbo].[FlightsProvincesModels] ([Id], [ProvinceId], [FlightId], [IsSource]) VALUES (17, 5, 17, 1)
INSERT [dbo].[FlightsProvincesModels] ([Id], [ProvinceId], [FlightId], [IsSource]) VALUES (18, 5, 18, 1)
INSERT [dbo].[FlightsProvincesModels] ([Id], [ProvinceId], [FlightId], [IsSource]) VALUES (19, 5, 19, 1)
INSERT [dbo].[FlightsProvincesModels] ([Id], [ProvinceId], [FlightId], [IsSource]) VALUES (20, 5, 20, 1)
INSERT [dbo].[FlightsProvincesModels] ([Id], [ProvinceId], [FlightId], [IsSource]) VALUES (21, 5, 21, 1)
INSERT [dbo].[FlightsProvincesModels] ([Id], [ProvinceId], [FlightId], [IsSource]) VALUES (22, 5, 22, 1)
INSERT [dbo].[FlightsProvincesModels] ([Id], [ProvinceId], [FlightId], [IsSource]) VALUES (23, 5, 23, 1)
INSERT [dbo].[FlightsProvincesModels] ([Id], [ProvinceId], [FlightId], [IsSource]) VALUES (24, 5, 24, 1)
INSERT [dbo].[FlightsProvincesModels] ([Id], [ProvinceId], [FlightId], [IsSource]) VALUES (25, 5, 25, 1)
INSERT [dbo].[FlightsProvincesModels] ([Id], [ProvinceId], [FlightId], [IsSource]) VALUES (26, 4, 26, 1)
INSERT [dbo].[FlightsProvincesModels] ([Id], [ProvinceId], [FlightId], [IsSource]) VALUES (27, 4, 27, 1)
INSERT [dbo].[FlightsProvincesModels] ([Id], [ProvinceId], [FlightId], [IsSource]) VALUES (28, 4, 28, 1)
INSERT [dbo].[FlightsProvincesModels] ([Id], [ProvinceId], [FlightId], [IsSource]) VALUES (29, 4, 29, 1)
INSERT [dbo].[FlightsProvincesModels] ([Id], [ProvinceId], [FlightId], [IsSource]) VALUES (30, 4, 30, 1)
INSERT [dbo].[FlightsProvincesModels] ([Id], [ProvinceId], [FlightId], [IsSource]) VALUES (31, 4, 31, 1)
INSERT [dbo].[FlightsProvincesModels] ([Id], [ProvinceId], [FlightId], [IsSource]) VALUES (32, 4, 32, 1)
INSERT [dbo].[FlightsProvincesModels] ([Id], [ProvinceId], [FlightId], [IsSource]) VALUES (33, 4, 33, 1)
INSERT [dbo].[FlightsProvincesModels] ([Id], [ProvinceId], [FlightId], [IsSource]) VALUES (34, 4, 34, 1)
INSERT [dbo].[FlightsProvincesModels] ([Id], [ProvinceId], [FlightId], [IsSource]) VALUES (35, 4, 35, 1)
INSERT [dbo].[FlightsProvincesModels] ([Id], [ProvinceId], [FlightId], [IsSource]) VALUES (36, 4, 36, 1)
INSERT [dbo].[FlightsProvincesModels] ([Id], [ProvinceId], [FlightId], [IsSource]) VALUES (37, 4, 37, 1)
INSERT [dbo].[FlightsProvincesModels] ([Id], [ProvinceId], [FlightId], [IsSource]) VALUES (38, 4, 38, 1)
INSERT [dbo].[FlightsProvincesModels] ([Id], [ProvinceId], [FlightId], [IsSource]) VALUES (39, 4, 39, 1)
INSERT [dbo].[FlightsProvincesModels] ([Id], [ProvinceId], [FlightId], [IsSource]) VALUES (40, 4, 40, 1)
INSERT [dbo].[FlightsProvincesModels] ([Id], [ProvinceId], [FlightId], [IsSource]) VALUES (41, 4, 41, 1)
INSERT [dbo].[FlightsProvincesModels] ([Id], [ProvinceId], [FlightId], [IsSource]) VALUES (42, 4, 42, 1)
INSERT [dbo].[FlightsProvincesModels] ([Id], [ProvinceId], [FlightId], [IsSource]) VALUES (43, 4, 43, 1)
INSERT [dbo].[FlightsProvincesModels] ([Id], [ProvinceId], [FlightId], [IsSource]) VALUES (44, 4, 44, 1)
INSERT [dbo].[FlightsProvincesModels] ([Id], [ProvinceId], [FlightId], [IsSource]) VALUES (45, 13, 45, 1)
INSERT [dbo].[FlightsProvincesModels] ([Id], [ProvinceId], [FlightId], [IsSource]) VALUES (46, 13, 46, 1)
INSERT [dbo].[FlightsProvincesModels] ([Id], [ProvinceId], [FlightId], [IsSource]) VALUES (47, 13, 47, 1)
INSERT [dbo].[FlightsProvincesModels] ([Id], [ProvinceId], [FlightId], [IsSource]) VALUES (48, 13, 48, 1)
INSERT [dbo].[FlightsProvincesModels] ([Id], [ProvinceId], [FlightId], [IsSource]) VALUES (49, 13, 49, 1)
INSERT [dbo].[FlightsProvincesModels] ([Id], [ProvinceId], [FlightId], [IsSource]) VALUES (50, 13, 50, 1)
INSERT [dbo].[FlightsProvincesModels] ([Id], [ProvinceId], [FlightId], [IsSource]) VALUES (51, 13, 51, 1)
INSERT [dbo].[FlightsProvincesModels] ([Id], [ProvinceId], [FlightId], [IsSource]) VALUES (52, 13, 52, 1)
INSERT [dbo].[FlightsProvincesModels] ([Id], [ProvinceId], [FlightId], [IsSource]) VALUES (53, 13, 53, 1)
INSERT [dbo].[FlightsProvincesModels] ([Id], [ProvinceId], [FlightId], [IsSource]) VALUES (54, 13, 54, 1)
INSERT [dbo].[FlightsProvincesModels] ([Id], [ProvinceId], [FlightId], [IsSource]) VALUES (55, 13, 55, 1)
INSERT [dbo].[FlightsProvincesModels] ([Id], [ProvinceId], [FlightId], [IsSource]) VALUES (56, 13, 56, 1)
INSERT [dbo].[FlightsProvincesModels] ([Id], [ProvinceId], [FlightId], [IsSource]) VALUES (57, 13, 57, 1)
INSERT [dbo].[FlightsProvincesModels] ([Id], [ProvinceId], [FlightId], [IsSource]) VALUES (58, 13, 58, 1)
INSERT [dbo].[FlightsProvincesModels] ([Id], [ProvinceId], [FlightId], [IsSource]) VALUES (59, 13, 59, 1)
INSERT [dbo].[FlightsProvincesModels] ([Id], [ProvinceId], [FlightId], [IsSource]) VALUES (60, 13, 60, 1)
INSERT [dbo].[FlightsProvincesModels] ([Id], [ProvinceId], [FlightId], [IsSource]) VALUES (61, 11, 61, 1)
INSERT [dbo].[FlightsProvincesModels] ([Id], [ProvinceId], [FlightId], [IsSource]) VALUES (62, 11, 62, 1)
INSERT [dbo].[FlightsProvincesModels] ([Id], [ProvinceId], [FlightId], [IsSource]) VALUES (63, 11, 63, 1)
INSERT [dbo].[FlightsProvincesModels] ([Id], [ProvinceId], [FlightId], [IsSource]) VALUES (64, 11, 64, 1)
INSERT [dbo].[FlightsProvincesModels] ([Id], [ProvinceId], [FlightId], [IsSource]) VALUES (65, 11, 65, 1)
INSERT [dbo].[FlightsProvincesModels] ([Id], [ProvinceId], [FlightId], [IsSource]) VALUES (66, 11, 66, 1)
INSERT [dbo].[FlightsProvincesModels] ([Id], [ProvinceId], [FlightId], [IsSource]) VALUES (67, 11, 67, 1)
INSERT [dbo].[FlightsProvincesModels] ([Id], [ProvinceId], [FlightId], [IsSource]) VALUES (68, 11, 68, 1)
INSERT [dbo].[FlightsProvincesModels] ([Id], [ProvinceId], [FlightId], [IsSource]) VALUES (69, 11, 69, 1)
INSERT [dbo].[FlightsProvincesModels] ([Id], [ProvinceId], [FlightId], [IsSource]) VALUES (70, 11, 70, 1)
INSERT [dbo].[FlightsProvincesModels] ([Id], [ProvinceId], [FlightId], [IsSource]) VALUES (71, 11, 71, 1)
INSERT [dbo].[FlightsProvincesModels] ([Id], [ProvinceId], [FlightId], [IsSource]) VALUES (72, 11, 72, 1)
INSERT [dbo].[FlightsProvincesModels] ([Id], [ProvinceId], [FlightId], [IsSource]) VALUES (73, 11, 73, 1)
INSERT [dbo].[FlightsProvincesModels] ([Id], [ProvinceId], [FlightId], [IsSource]) VALUES (74, 11, 74, 1)
INSERT [dbo].[FlightsProvincesModels] ([Id], [ProvinceId], [FlightId], [IsSource]) VALUES (75, 11, 75, 1)
INSERT [dbo].[FlightsProvincesModels] ([Id], [ProvinceId], [FlightId], [IsSource]) VALUES (76, 11, 76, 1)
INSERT [dbo].[FlightsProvincesModels] ([Id], [ProvinceId], [FlightId], [IsSource]) VALUES (77, 11, 77, 1)
INSERT [dbo].[FlightsProvincesModels] ([Id], [ProvinceId], [FlightId], [IsSource]) VALUES (78, 11, 78, 1)
INSERT [dbo].[FlightsProvincesModels] ([Id], [ProvinceId], [FlightId], [IsSource]) VALUES (79, 11, 79, 1)
INSERT [dbo].[FlightsProvincesModels] ([Id], [ProvinceId], [FlightId], [IsSource]) VALUES (80, 11, 80, 1)
INSERT [dbo].[FlightsProvincesModels] ([Id], [ProvinceId], [FlightId], [IsSource]) VALUES (81, 11, 81, 1)
INSERT [dbo].[FlightsProvincesModels] ([Id], [ProvinceId], [FlightId], [IsSource]) VALUES (82, 11, 82, 1)
INSERT [dbo].[FlightsProvincesModels] ([Id], [ProvinceId], [FlightId], [IsSource]) VALUES (83, 11, 83, 1)
INSERT [dbo].[FlightsProvincesModels] ([Id], [ProvinceId], [FlightId], [IsSource]) VALUES (84, 11, 84, 1)
INSERT [dbo].[FlightsProvincesModels] ([Id], [ProvinceId], [FlightId], [IsSource]) VALUES (85, 11, 85, 1)
INSERT [dbo].[FlightsProvincesModels] ([Id], [ProvinceId], [FlightId], [IsSource]) VALUES (86, 11, 86, 1)
INSERT [dbo].[FlightsProvincesModels] ([Id], [ProvinceId], [FlightId], [IsSource]) VALUES (87, 11, 87, 1)
INSERT [dbo].[FlightsProvincesModels] ([Id], [ProvinceId], [FlightId], [IsSource]) VALUES (88, 11, 88, 1)
INSERT [dbo].[FlightsProvincesModels] ([Id], [ProvinceId], [FlightId], [IsSource]) VALUES (89, 11, 89, 1)
INSERT [dbo].[FlightsProvincesModels] ([Id], [ProvinceId], [FlightId], [IsSource]) VALUES (90, 11, 90, 1)
INSERT [dbo].[FlightsProvincesModels] ([Id], [ProvinceId], [FlightId], [IsSource]) VALUES (91, 11, 91, 1)
INSERT [dbo].[FlightsProvincesModels] ([Id], [ProvinceId], [FlightId], [IsSource]) VALUES (92, 11, 92, 1)
INSERT [dbo].[FlightsProvincesModels] ([Id], [ProvinceId], [FlightId], [IsSource]) VALUES (93, 11, 93, 1)
INSERT [dbo].[FlightsProvincesModels] ([Id], [ProvinceId], [FlightId], [IsSource]) VALUES (94, 11, 94, 1)
INSERT [dbo].[FlightsProvincesModels] ([Id], [ProvinceId], [FlightId], [IsSource]) VALUES (95, 11, 95, 1)
INSERT [dbo].[FlightsProvincesModels] ([Id], [ProvinceId], [FlightId], [IsSource]) VALUES (96, 11, 96, 1)
INSERT [dbo].[FlightsProvincesModels] ([Id], [ProvinceId], [FlightId], [IsSource]) VALUES (97, 11, 97, 1)
INSERT [dbo].[FlightsProvincesModels] ([Id], [ProvinceId], [FlightId], [IsSource]) VALUES (98, 11, 98, 1)
INSERT [dbo].[FlightsProvincesModels] ([Id], [ProvinceId], [FlightId], [IsSource]) VALUES (99, 11, 99, 1)
GO
INSERT [dbo].[FlightsProvincesModels] ([Id], [ProvinceId], [FlightId], [IsSource]) VALUES (100, 11, 100, 1)
INSERT [dbo].[FlightsProvincesModels] ([Id], [ProvinceId], [FlightId], [IsSource]) VALUES (101, 11, 101, 1)
INSERT [dbo].[FlightsProvincesModels] ([Id], [ProvinceId], [FlightId], [IsSource]) VALUES (102, 11, 102, 1)
INSERT [dbo].[FlightsProvincesModels] ([Id], [ProvinceId], [FlightId], [IsSource]) VALUES (103, 11, 103, 1)
INSERT [dbo].[FlightsProvincesModels] ([Id], [ProvinceId], [FlightId], [IsSource]) VALUES (104, 11, 104, 1)
INSERT [dbo].[FlightsProvincesModels] ([Id], [ProvinceId], [FlightId], [IsSource]) VALUES (105, 11, 105, 1)
INSERT [dbo].[FlightsProvincesModels] ([Id], [ProvinceId], [FlightId], [IsSource]) VALUES (106, 11, 106, 1)
INSERT [dbo].[FlightsProvincesModels] ([Id], [ProvinceId], [FlightId], [IsSource]) VALUES (107, 11, 107, 1)
INSERT [dbo].[FlightsProvincesModels] ([Id], [ProvinceId], [FlightId], [IsSource]) VALUES (108, 12, 108, 1)
INSERT [dbo].[FlightsProvincesModels] ([Id], [ProvinceId], [FlightId], [IsSource]) VALUES (109, 12, 109, 1)
INSERT [dbo].[FlightsProvincesModels] ([Id], [ProvinceId], [FlightId], [IsSource]) VALUES (110, 12, 110, 1)
INSERT [dbo].[FlightsProvincesModels] ([Id], [ProvinceId], [FlightId], [IsSource]) VALUES (111, 12, 111, 1)
INSERT [dbo].[FlightsProvincesModels] ([Id], [ProvinceId], [FlightId], [IsSource]) VALUES (112, 12, 112, 1)
INSERT [dbo].[FlightsProvincesModels] ([Id], [ProvinceId], [FlightId], [IsSource]) VALUES (113, 14, 113, 1)
INSERT [dbo].[FlightsProvincesModels] ([Id], [ProvinceId], [FlightId], [IsSource]) VALUES (114, 14, 114, 1)
INSERT [dbo].[FlightsProvincesModels] ([Id], [ProvinceId], [FlightId], [IsSource]) VALUES (115, 14, 115, 1)
INSERT [dbo].[FlightsProvincesModels] ([Id], [ProvinceId], [FlightId], [IsSource]) VALUES (116, 14, 116, 1)
INSERT [dbo].[FlightsProvincesModels] ([Id], [ProvinceId], [FlightId], [IsSource]) VALUES (117, 14, 117, 1)
INSERT [dbo].[FlightsProvincesModels] ([Id], [ProvinceId], [FlightId], [IsSource]) VALUES (118, 14, 118, 1)
INSERT [dbo].[FlightsProvincesModels] ([Id], [ProvinceId], [FlightId], [IsSource]) VALUES (119, 14, 119, 1)
INSERT [dbo].[FlightsProvincesModels] ([Id], [ProvinceId], [FlightId], [IsSource]) VALUES (120, 14, 120, 1)
INSERT [dbo].[FlightsProvincesModels] ([Id], [ProvinceId], [FlightId], [IsSource]) VALUES (121, 14, 121, 1)
INSERT [dbo].[FlightsProvincesModels] ([Id], [ProvinceId], [FlightId], [IsSource]) VALUES (122, 14, 122, 1)
INSERT [dbo].[FlightsProvincesModels] ([Id], [ProvinceId], [FlightId], [IsSource]) VALUES (123, 14, 123, 1)
INSERT [dbo].[FlightsProvincesModels] ([Id], [ProvinceId], [FlightId], [IsSource]) VALUES (124, 15, 124, 1)
INSERT [dbo].[FlightsProvincesModels] ([Id], [ProvinceId], [FlightId], [IsSource]) VALUES (125, 15, 125, 1)
INSERT [dbo].[FlightsProvincesModels] ([Id], [ProvinceId], [FlightId], [IsSource]) VALUES (126, 15, 126, 1)
INSERT [dbo].[FlightsProvincesModels] ([Id], [ProvinceId], [FlightId], [IsSource]) VALUES (127, 15, 127, 1)
INSERT [dbo].[FlightsProvincesModels] ([Id], [ProvinceId], [FlightId], [IsSource]) VALUES (128, 15, 128, 1)
INSERT [dbo].[FlightsProvincesModels] ([Id], [ProvinceId], [FlightId], [IsSource]) VALUES (129, 15, 129, 1)
INSERT [dbo].[FlightsProvincesModels] ([Id], [ProvinceId], [FlightId], [IsSource]) VALUES (130, 15, 130, 1)
INSERT [dbo].[FlightsProvincesModels] ([Id], [ProvinceId], [FlightId], [IsSource]) VALUES (131, 15, 131, 1)
INSERT [dbo].[FlightsProvincesModels] ([Id], [ProvinceId], [FlightId], [IsSource]) VALUES (132, 15, 132, 1)
INSERT [dbo].[FlightsProvincesModels] ([Id], [ProvinceId], [FlightId], [IsSource]) VALUES (133, 15, 133, 1)
INSERT [dbo].[FlightsProvincesModels] ([Id], [ProvinceId], [FlightId], [IsSource]) VALUES (134, 15, 134, 1)
INSERT [dbo].[FlightsProvincesModels] ([Id], [ProvinceId], [FlightId], [IsSource]) VALUES (135, 15, 135, 1)
INSERT [dbo].[FlightsProvincesModels] ([Id], [ProvinceId], [FlightId], [IsSource]) VALUES (136, 15, 136, 1)
INSERT [dbo].[FlightsProvincesModels] ([Id], [ProvinceId], [FlightId], [IsSource]) VALUES (137, 16, 137, 1)
INSERT [dbo].[FlightsProvincesModels] ([Id], [ProvinceId], [FlightId], [IsSource]) VALUES (138, 16, 138, 1)
INSERT [dbo].[FlightsProvincesModels] ([Id], [ProvinceId], [FlightId], [IsSource]) VALUES (139, 19, 139, 1)
INSERT [dbo].[FlightsProvincesModels] ([Id], [ProvinceId], [FlightId], [IsSource]) VALUES (140, 19, 140, 1)
INSERT [dbo].[FlightsProvincesModels] ([Id], [ProvinceId], [FlightId], [IsSource]) VALUES (141, 19, 141, 1)
INSERT [dbo].[FlightsProvincesModels] ([Id], [ProvinceId], [FlightId], [IsSource]) VALUES (142, 19, 142, 1)
INSERT [dbo].[FlightsProvincesModels] ([Id], [ProvinceId], [FlightId], [IsSource]) VALUES (143, 19, 143, 1)
INSERT [dbo].[FlightsProvincesModels] ([Id], [ProvinceId], [FlightId], [IsSource]) VALUES (144, 19, 144, 1)
INSERT [dbo].[FlightsProvincesModels] ([Id], [ProvinceId], [FlightId], [IsSource]) VALUES (145, 20, 145, 1)
INSERT [dbo].[FlightsProvincesModels] ([Id], [ProvinceId], [FlightId], [IsSource]) VALUES (146, 20, 146, 1)
INSERT [dbo].[FlightsProvincesModels] ([Id], [ProvinceId], [FlightId], [IsSource]) VALUES (147, 20, 147, 1)
INSERT [dbo].[FlightsProvincesModels] ([Id], [ProvinceId], [FlightId], [IsSource]) VALUES (148, 20, 148, 1)
INSERT [dbo].[FlightsProvincesModels] ([Id], [ProvinceId], [FlightId], [IsSource]) VALUES (149, 20, 149, 1)
INSERT [dbo].[FlightsProvincesModels] ([Id], [ProvinceId], [FlightId], [IsSource]) VALUES (150, 20, 150, 1)
INSERT [dbo].[FlightsProvincesModels] ([Id], [ProvinceId], [FlightId], [IsSource]) VALUES (151, 20, 151, 1)
INSERT [dbo].[FlightsProvincesModels] ([Id], [ProvinceId], [FlightId], [IsSource]) VALUES (152, 22, 152, 1)
INSERT [dbo].[FlightsProvincesModels] ([Id], [ProvinceId], [FlightId], [IsSource]) VALUES (153, 22, 153, 1)
INSERT [dbo].[FlightsProvincesModels] ([Id], [ProvinceId], [FlightId], [IsSource]) VALUES (154, 22, 154, 1)
INSERT [dbo].[FlightsProvincesModels] ([Id], [ProvinceId], [FlightId], [IsSource]) VALUES (155, 22, 155, 1)
INSERT [dbo].[FlightsProvincesModels] ([Id], [ProvinceId], [FlightId], [IsSource]) VALUES (156, 23, 156, 1)
INSERT [dbo].[FlightsProvincesModels] ([Id], [ProvinceId], [FlightId], [IsSource]) VALUES (157, 23, 157, 1)
INSERT [dbo].[FlightsProvincesModels] ([Id], [ProvinceId], [FlightId], [IsSource]) VALUES (158, 23, 158, 1)
INSERT [dbo].[FlightsProvincesModels] ([Id], [ProvinceId], [FlightId], [IsSource]) VALUES (159, 23, 159, 1)
INSERT [dbo].[FlightsProvincesModels] ([Id], [ProvinceId], [FlightId], [IsSource]) VALUES (160, 23, 160, 1)
INSERT [dbo].[FlightsProvincesModels] ([Id], [ProvinceId], [FlightId], [IsSource]) VALUES (161, 23, 161, 1)
INSERT [dbo].[FlightsProvincesModels] ([Id], [ProvinceId], [FlightId], [IsSource]) VALUES (162, 23, 162, 1)
INSERT [dbo].[FlightsProvincesModels] ([Id], [ProvinceId], [FlightId], [IsSource]) VALUES (163, 23, 163, 1)
INSERT [dbo].[FlightsProvincesModels] ([Id], [ProvinceId], [FlightId], [IsSource]) VALUES (164, 23, 164, 1)
INSERT [dbo].[FlightsProvincesModels] ([Id], [ProvinceId], [FlightId], [IsSource]) VALUES (165, 23, 165, 1)
INSERT [dbo].[FlightsProvincesModels] ([Id], [ProvinceId], [FlightId], [IsSource]) VALUES (166, 23, 166, 1)
INSERT [dbo].[FlightsProvincesModels] ([Id], [ProvinceId], [FlightId], [IsSource]) VALUES (167, 23, 167, 1)
INSERT [dbo].[FlightsProvincesModels] ([Id], [ProvinceId], [FlightId], [IsSource]) VALUES (168, 23, 168, 1)
INSERT [dbo].[FlightsProvincesModels] ([Id], [ProvinceId], [FlightId], [IsSource]) VALUES (169, 23, 169, 1)
INSERT [dbo].[FlightsProvincesModels] ([Id], [ProvinceId], [FlightId], [IsSource]) VALUES (170, 23, 170, 1)
INSERT [dbo].[FlightsProvincesModels] ([Id], [ProvinceId], [FlightId], [IsSource]) VALUES (171, 23, 171, 1)
INSERT [dbo].[FlightsProvincesModels] ([Id], [ProvinceId], [FlightId], [IsSource]) VALUES (172, 23, 172, 1)
INSERT [dbo].[FlightsProvincesModels] ([Id], [ProvinceId], [FlightId], [IsSource]) VALUES (173, 23, 173, 1)
INSERT [dbo].[FlightsProvincesModels] ([Id], [ProvinceId], [FlightId], [IsSource]) VALUES (174, 23, 174, 1)
INSERT [dbo].[FlightsProvincesModels] ([Id], [ProvinceId], [FlightId], [IsSource]) VALUES (175, 23, 175, 1)
INSERT [dbo].[FlightsProvincesModels] ([Id], [ProvinceId], [FlightId], [IsSource]) VALUES (176, 23, 176, 1)
INSERT [dbo].[FlightsProvincesModels] ([Id], [ProvinceId], [FlightId], [IsSource]) VALUES (177, 23, 177, 1)
INSERT [dbo].[FlightsProvincesModels] ([Id], [ProvinceId], [FlightId], [IsSource]) VALUES (178, 23, 178, 1)
INSERT [dbo].[FlightsProvincesModels] ([Id], [ProvinceId], [FlightId], [IsSource]) VALUES (179, 23, 179, 1)
INSERT [dbo].[FlightsProvincesModels] ([Id], [ProvinceId], [FlightId], [IsSource]) VALUES (180, 23, 180, 1)
INSERT [dbo].[FlightsProvincesModels] ([Id], [ProvinceId], [FlightId], [IsSource]) VALUES (181, 23, 181, 1)
INSERT [dbo].[FlightsProvincesModels] ([Id], [ProvinceId], [FlightId], [IsSource]) VALUES (182, 23, 182, 1)
INSERT [dbo].[FlightsProvincesModels] ([Id], [ProvinceId], [FlightId], [IsSource]) VALUES (183, 23, 183, 1)
INSERT [dbo].[FlightsProvincesModels] ([Id], [ProvinceId], [FlightId], [IsSource]) VALUES (184, 23, 184, 1)
INSERT [dbo].[FlightsProvincesModels] ([Id], [ProvinceId], [FlightId], [IsSource]) VALUES (185, 23, 185, 1)
INSERT [dbo].[FlightsProvincesModels] ([Id], [ProvinceId], [FlightId], [IsSource]) VALUES (186, 23, 186, 1)
INSERT [dbo].[FlightsProvincesModels] ([Id], [ProvinceId], [FlightId], [IsSource]) VALUES (187, 23, 187, 1)
INSERT [dbo].[FlightsProvincesModels] ([Id], [ProvinceId], [FlightId], [IsSource]) VALUES (188, 23, 188, 1)
INSERT [dbo].[FlightsProvincesModels] ([Id], [ProvinceId], [FlightId], [IsSource]) VALUES (189, 23, 189, 1)
INSERT [dbo].[FlightsProvincesModels] ([Id], [ProvinceId], [FlightId], [IsSource]) VALUES (190, 23, 190, 1)
INSERT [dbo].[FlightsProvincesModels] ([Id], [ProvinceId], [FlightId], [IsSource]) VALUES (191, 23, 191, 1)
INSERT [dbo].[FlightsProvincesModels] ([Id], [ProvinceId], [FlightId], [IsSource]) VALUES (192, 23, 192, 1)
INSERT [dbo].[FlightsProvincesModels] ([Id], [ProvinceId], [FlightId], [IsSource]) VALUES (193, 23, 193, 1)
INSERT [dbo].[FlightsProvincesModels] ([Id], [ProvinceId], [FlightId], [IsSource]) VALUES (194, 23, 194, 1)
INSERT [dbo].[FlightsProvincesModels] ([Id], [ProvinceId], [FlightId], [IsSource]) VALUES (195, 23, 195, 1)
INSERT [dbo].[FlightsProvincesModels] ([Id], [ProvinceId], [FlightId], [IsSource]) VALUES (196, 23, 196, 1)
INSERT [dbo].[FlightsProvincesModels] ([Id], [ProvinceId], [FlightId], [IsSource]) VALUES (197, 23, 197, 1)
INSERT [dbo].[FlightsProvincesModels] ([Id], [ProvinceId], [FlightId], [IsSource]) VALUES (198, 23, 198, 1)
INSERT [dbo].[FlightsProvincesModels] ([Id], [ProvinceId], [FlightId], [IsSource]) VALUES (199, 23, 199, 1)
GO
INSERT [dbo].[FlightsProvincesModels] ([Id], [ProvinceId], [FlightId], [IsSource]) VALUES (200, 23, 200, 1)
INSERT [dbo].[FlightsProvincesModels] ([Id], [ProvinceId], [FlightId], [IsSource]) VALUES (201, 23, 201, 1)
INSERT [dbo].[FlightsProvincesModels] ([Id], [ProvinceId], [FlightId], [IsSource]) VALUES (202, 23, 202, 1)
INSERT [dbo].[FlightsProvincesModels] ([Id], [ProvinceId], [FlightId], [IsSource]) VALUES (203, 23, 203, 1)
INSERT [dbo].[FlightsProvincesModels] ([Id], [ProvinceId], [FlightId], [IsSource]) VALUES (204, 23, 204, 1)
INSERT [dbo].[FlightsProvincesModels] ([Id], [ProvinceId], [FlightId], [IsSource]) VALUES (205, 23, 205, 1)
INSERT [dbo].[FlightsProvincesModels] ([Id], [ProvinceId], [FlightId], [IsSource]) VALUES (206, 23, 206, 1)
INSERT [dbo].[FlightsProvincesModels] ([Id], [ProvinceId], [FlightId], [IsSource]) VALUES (207, 23, 207, 1)
INSERT [dbo].[FlightsProvincesModels] ([Id], [ProvinceId], [FlightId], [IsSource]) VALUES (208, 23, 208, 1)
INSERT [dbo].[FlightsProvincesModels] ([Id], [ProvinceId], [FlightId], [IsSource]) VALUES (209, 23, 209, 1)
INSERT [dbo].[FlightsProvincesModels] ([Id], [ProvinceId], [FlightId], [IsSource]) VALUES (210, 23, 210, 1)
INSERT [dbo].[FlightsProvincesModels] ([Id], [ProvinceId], [FlightId], [IsSource]) VALUES (211, 23, 211, 1)
INSERT [dbo].[FlightsProvincesModels] ([Id], [ProvinceId], [FlightId], [IsSource]) VALUES (212, 23, 212, 1)
INSERT [dbo].[FlightsProvincesModels] ([Id], [ProvinceId], [FlightId], [IsSource]) VALUES (213, 7, 213, 1)
INSERT [dbo].[FlightsProvincesModels] ([Id], [ProvinceId], [FlightId], [IsSource]) VALUES (214, 7, 214, 1)
INSERT [dbo].[FlightsProvincesModels] ([Id], [ProvinceId], [FlightId], [IsSource]) VALUES (215, 7, 215, 1)
INSERT [dbo].[FlightsProvincesModels] ([Id], [ProvinceId], [FlightId], [IsSource]) VALUES (216, 7, 216, 1)
INSERT [dbo].[FlightsProvincesModels] ([Id], [ProvinceId], [FlightId], [IsSource]) VALUES (217, 7, 217, 1)
INSERT [dbo].[FlightsProvincesModels] ([Id], [ProvinceId], [FlightId], [IsSource]) VALUES (218, 7, 218, 1)
INSERT [dbo].[FlightsProvincesModels] ([Id], [ProvinceId], [FlightId], [IsSource]) VALUES (219, 7, 219, 1)
INSERT [dbo].[FlightsProvincesModels] ([Id], [ProvinceId], [FlightId], [IsSource]) VALUES (220, 7, 220, 1)
INSERT [dbo].[FlightsProvincesModels] ([Id], [ProvinceId], [FlightId], [IsSource]) VALUES (221, 7, 221, 1)
INSERT [dbo].[FlightsProvincesModels] ([Id], [ProvinceId], [FlightId], [IsSource]) VALUES (222, 7, 222, 1)
INSERT [dbo].[FlightsProvincesModels] ([Id], [ProvinceId], [FlightId], [IsSource]) VALUES (223, 7, 223, 1)
INSERT [dbo].[FlightsProvincesModels] ([Id], [ProvinceId], [FlightId], [IsSource]) VALUES (224, 7, 224, 1)
INSERT [dbo].[FlightsProvincesModels] ([Id], [ProvinceId], [FlightId], [IsSource]) VALUES (225, 7, 225, 1)
INSERT [dbo].[FlightsProvincesModels] ([Id], [ProvinceId], [FlightId], [IsSource]) VALUES (226, 11, 1, 0)
INSERT [dbo].[FlightsProvincesModels] ([Id], [ProvinceId], [FlightId], [IsSource]) VALUES (227, 11, 2, 0)
INSERT [dbo].[FlightsProvincesModels] ([Id], [ProvinceId], [FlightId], [IsSource]) VALUES (228, 11, 3, 0)
INSERT [dbo].[FlightsProvincesModels] ([Id], [ProvinceId], [FlightId], [IsSource]) VALUES (229, 11, 4, 0)
INSERT [dbo].[FlightsProvincesModels] ([Id], [ProvinceId], [FlightId], [IsSource]) VALUES (230, 23, 5, 0)
INSERT [dbo].[FlightsProvincesModels] ([Id], [ProvinceId], [FlightId], [IsSource]) VALUES (231, 23, 6, 0)
INSERT [dbo].[FlightsProvincesModels] ([Id], [ProvinceId], [FlightId], [IsSource]) VALUES (232, 23, 7, 0)
INSERT [dbo].[FlightsProvincesModels] ([Id], [ProvinceId], [FlightId], [IsSource]) VALUES (233, 23, 8, 0)
INSERT [dbo].[FlightsProvincesModels] ([Id], [ProvinceId], [FlightId], [IsSource]) VALUES (234, 24, 9, 0)
INSERT [dbo].[FlightsProvincesModels] ([Id], [ProvinceId], [FlightId], [IsSource]) VALUES (235, 7, 10, 0)
INSERT [dbo].[FlightsProvincesModels] ([Id], [ProvinceId], [FlightId], [IsSource]) VALUES (236, 7, 11, 0)
INSERT [dbo].[FlightsProvincesModels] ([Id], [ProvinceId], [FlightId], [IsSource]) VALUES (237, 7, 12, 0)
INSERT [dbo].[FlightsProvincesModels] ([Id], [ProvinceId], [FlightId], [IsSource]) VALUES (238, 7, 13, 0)
INSERT [dbo].[FlightsProvincesModels] ([Id], [ProvinceId], [FlightId], [IsSource]) VALUES (239, 7, 14, 0)
INSERT [dbo].[FlightsProvincesModels] ([Id], [ProvinceId], [FlightId], [IsSource]) VALUES (240, 7, 15, 0)
INSERT [dbo].[FlightsProvincesModels] ([Id], [ProvinceId], [FlightId], [IsSource]) VALUES (241, 4, 16, 0)
INSERT [dbo].[FlightsProvincesModels] ([Id], [ProvinceId], [FlightId], [IsSource]) VALUES (242, 4, 17, 0)
INSERT [dbo].[FlightsProvincesModels] ([Id], [ProvinceId], [FlightId], [IsSource]) VALUES (243, 4, 18, 0)
INSERT [dbo].[FlightsProvincesModels] ([Id], [ProvinceId], [FlightId], [IsSource]) VALUES (244, 4, 19, 0)
INSERT [dbo].[FlightsProvincesModels] ([Id], [ProvinceId], [FlightId], [IsSource]) VALUES (245, 4, 20, 0)
INSERT [dbo].[FlightsProvincesModels] ([Id], [ProvinceId], [FlightId], [IsSource]) VALUES (246, 4, 21, 0)
INSERT [dbo].[FlightsProvincesModels] ([Id], [ProvinceId], [FlightId], [IsSource]) VALUES (247, 4, 22, 0)
INSERT [dbo].[FlightsProvincesModels] ([Id], [ProvinceId], [FlightId], [IsSource]) VALUES (248, 23, 23, 0)
INSERT [dbo].[FlightsProvincesModels] ([Id], [ProvinceId], [FlightId], [IsSource]) VALUES (249, 23, 24, 0)
INSERT [dbo].[FlightsProvincesModels] ([Id], [ProvinceId], [FlightId], [IsSource]) VALUES (250, 23, 25, 0)
INSERT [dbo].[FlightsProvincesModels] ([Id], [ProvinceId], [FlightId], [IsSource]) VALUES (251, 11, 26, 0)
INSERT [dbo].[FlightsProvincesModels] ([Id], [ProvinceId], [FlightId], [IsSource]) VALUES (252, 11, 27, 0)
INSERT [dbo].[FlightsProvincesModels] ([Id], [ProvinceId], [FlightId], [IsSource]) VALUES (253, 11, 28, 0)
INSERT [dbo].[FlightsProvincesModels] ([Id], [ProvinceId], [FlightId], [IsSource]) VALUES (254, 11, 29, 0)
INSERT [dbo].[FlightsProvincesModels] ([Id], [ProvinceId], [FlightId], [IsSource]) VALUES (255, 11, 30, 0)
INSERT [dbo].[FlightsProvincesModels] ([Id], [ProvinceId], [FlightId], [IsSource]) VALUES (256, 15, 31, 0)
INSERT [dbo].[FlightsProvincesModels] ([Id], [ProvinceId], [FlightId], [IsSource]) VALUES (257, 15, 32, 0)
INSERT [dbo].[FlightsProvincesModels] ([Id], [ProvinceId], [FlightId], [IsSource]) VALUES (258, 15, 33, 0)
INSERT [dbo].[FlightsProvincesModels] ([Id], [ProvinceId], [FlightId], [IsSource]) VALUES (259, 15, 34, 0)
INSERT [dbo].[FlightsProvincesModels] ([Id], [ProvinceId], [FlightId], [IsSource]) VALUES (260, 15, 35, 0)
INSERT [dbo].[FlightsProvincesModels] ([Id], [ProvinceId], [FlightId], [IsSource]) VALUES (261, 15, 36, 0)
INSERT [dbo].[FlightsProvincesModels] ([Id], [ProvinceId], [FlightId], [IsSource]) VALUES (262, 15, 37, 0)
INSERT [dbo].[FlightsProvincesModels] ([Id], [ProvinceId], [FlightId], [IsSource]) VALUES (263, 5, 38, 0)
INSERT [dbo].[FlightsProvincesModels] ([Id], [ProvinceId], [FlightId], [IsSource]) VALUES (264, 5, 39, 0)
INSERT [dbo].[FlightsProvincesModels] ([Id], [ProvinceId], [FlightId], [IsSource]) VALUES (265, 5, 40, 0)
INSERT [dbo].[FlightsProvincesModels] ([Id], [ProvinceId], [FlightId], [IsSource]) VALUES (266, 5, 41, 0)
INSERT [dbo].[FlightsProvincesModels] ([Id], [ProvinceId], [FlightId], [IsSource]) VALUES (267, 5, 42, 0)
INSERT [dbo].[FlightsProvincesModels] ([Id], [ProvinceId], [FlightId], [IsSource]) VALUES (268, 5, 43, 0)
INSERT [dbo].[FlightsProvincesModels] ([Id], [ProvinceId], [FlightId], [IsSource]) VALUES (269, 5, 44, 0)
INSERT [dbo].[FlightsProvincesModels] ([Id], [ProvinceId], [FlightId], [IsSource]) VALUES (270, 11, 45, 0)
INSERT [dbo].[FlightsProvincesModels] ([Id], [ProvinceId], [FlightId], [IsSource]) VALUES (271, 11, 46, 0)
INSERT [dbo].[FlightsProvincesModels] ([Id], [ProvinceId], [FlightId], [IsSource]) VALUES (272, 11, 47, 0)
INSERT [dbo].[FlightsProvincesModels] ([Id], [ProvinceId], [FlightId], [IsSource]) VALUES (273, 11, 48, 0)
INSERT [dbo].[FlightsProvincesModels] ([Id], [ProvinceId], [FlightId], [IsSource]) VALUES (274, 11, 49, 0)
INSERT [dbo].[FlightsProvincesModels] ([Id], [ProvinceId], [FlightId], [IsSource]) VALUES (275, 11, 50, 0)
INSERT [dbo].[FlightsProvincesModels] ([Id], [ProvinceId], [FlightId], [IsSource]) VALUES (276, 11, 51, 0)
INSERT [dbo].[FlightsProvincesModels] ([Id], [ProvinceId], [FlightId], [IsSource]) VALUES (277, 23, 52, 0)
INSERT [dbo].[FlightsProvincesModels] ([Id], [ProvinceId], [FlightId], [IsSource]) VALUES (278, 23, 53, 0)
INSERT [dbo].[FlightsProvincesModels] ([Id], [ProvinceId], [FlightId], [IsSource]) VALUES (279, 23, 54, 0)
INSERT [dbo].[FlightsProvincesModels] ([Id], [ProvinceId], [FlightId], [IsSource]) VALUES (280, 23, 55, 0)
INSERT [dbo].[FlightsProvincesModels] ([Id], [ProvinceId], [FlightId], [IsSource]) VALUES (281, 23, 56, 0)
INSERT [dbo].[FlightsProvincesModels] ([Id], [ProvinceId], [FlightId], [IsSource]) VALUES (282, 23, 57, 0)
INSERT [dbo].[FlightsProvincesModels] ([Id], [ProvinceId], [FlightId], [IsSource]) VALUES (283, 23, 58, 0)
INSERT [dbo].[FlightsProvincesModels] ([Id], [ProvinceId], [FlightId], [IsSource]) VALUES (284, 23, 59, 0)
INSERT [dbo].[FlightsProvincesModels] ([Id], [ProvinceId], [FlightId], [IsSource]) VALUES (285, 23, 60, 0)
INSERT [dbo].[FlightsProvincesModels] ([Id], [ProvinceId], [FlightId], [IsSource]) VALUES (286, 2, 61, 0)
INSERT [dbo].[FlightsProvincesModels] ([Id], [ProvinceId], [FlightId], [IsSource]) VALUES (287, 2, 62, 0)
INSERT [dbo].[FlightsProvincesModels] ([Id], [ProvinceId], [FlightId], [IsSource]) VALUES (288, 2, 63, 0)
INSERT [dbo].[FlightsProvincesModels] ([Id], [ProvinceId], [FlightId], [IsSource]) VALUES (289, 4, 64, 0)
INSERT [dbo].[FlightsProvincesModels] ([Id], [ProvinceId], [FlightId], [IsSource]) VALUES (290, 4, 65, 0)
INSERT [dbo].[FlightsProvincesModels] ([Id], [ProvinceId], [FlightId], [IsSource]) VALUES (291, 4, 66, 0)
INSERT [dbo].[FlightsProvincesModels] ([Id], [ProvinceId], [FlightId], [IsSource]) VALUES (292, 4, 67, 0)
INSERT [dbo].[FlightsProvincesModels] ([Id], [ProvinceId], [FlightId], [IsSource]) VALUES (293, 4, 68, 0)
INSERT [dbo].[FlightsProvincesModels] ([Id], [ProvinceId], [FlightId], [IsSource]) VALUES (294, 4, 69, 0)
INSERT [dbo].[FlightsProvincesModels] ([Id], [ProvinceId], [FlightId], [IsSource]) VALUES (295, 13, 70, 0)
INSERT [dbo].[FlightsProvincesModels] ([Id], [ProvinceId], [FlightId], [IsSource]) VALUES (296, 13, 71, 0)
INSERT [dbo].[FlightsProvincesModels] ([Id], [ProvinceId], [FlightId], [IsSource]) VALUES (297, 13, 72, 0)
INSERT [dbo].[FlightsProvincesModels] ([Id], [ProvinceId], [FlightId], [IsSource]) VALUES (298, 13, 73, 0)
INSERT [dbo].[FlightsProvincesModels] ([Id], [ProvinceId], [FlightId], [IsSource]) VALUES (299, 13, 74, 0)
GO
INSERT [dbo].[FlightsProvincesModels] ([Id], [ProvinceId], [FlightId], [IsSource]) VALUES (300, 13, 75, 0)
INSERT [dbo].[FlightsProvincesModels] ([Id], [ProvinceId], [FlightId], [IsSource]) VALUES (301, 14, 76, 0)
INSERT [dbo].[FlightsProvincesModels] ([Id], [ProvinceId], [FlightId], [IsSource]) VALUES (302, 14, 77, 0)
INSERT [dbo].[FlightsProvincesModels] ([Id], [ProvinceId], [FlightId], [IsSource]) VALUES (303, 14, 78, 0)
INSERT [dbo].[FlightsProvincesModels] ([Id], [ProvinceId], [FlightId], [IsSource]) VALUES (304, 15, 79, 0)
INSERT [dbo].[FlightsProvincesModels] ([Id], [ProvinceId], [FlightId], [IsSource]) VALUES (305, 15, 80, 0)
INSERT [dbo].[FlightsProvincesModels] ([Id], [ProvinceId], [FlightId], [IsSource]) VALUES (306, 15, 81, 0)
INSERT [dbo].[FlightsProvincesModels] ([Id], [ProvinceId], [FlightId], [IsSource]) VALUES (307, 15, 82, 0)
INSERT [dbo].[FlightsProvincesModels] ([Id], [ProvinceId], [FlightId], [IsSource]) VALUES (308, 16, 83, 0)
INSERT [dbo].[FlightsProvincesModels] ([Id], [ProvinceId], [FlightId], [IsSource]) VALUES (309, 16, 84, 0)
INSERT [dbo].[FlightsProvincesModels] ([Id], [ProvinceId], [FlightId], [IsSource]) VALUES (310, 19, 85, 0)
INSERT [dbo].[FlightsProvincesModels] ([Id], [ProvinceId], [FlightId], [IsSource]) VALUES (311, 19, 86, 0)
INSERT [dbo].[FlightsProvincesModels] ([Id], [ProvinceId], [FlightId], [IsSource]) VALUES (312, 19, 87, 0)
INSERT [dbo].[FlightsProvincesModels] ([Id], [ProvinceId], [FlightId], [IsSource]) VALUES (313, 19, 88, 0)
INSERT [dbo].[FlightsProvincesModels] ([Id], [ProvinceId], [FlightId], [IsSource]) VALUES (314, 23, 89, 0)
INSERT [dbo].[FlightsProvincesModels] ([Id], [ProvinceId], [FlightId], [IsSource]) VALUES (315, 23, 90, 0)
INSERT [dbo].[FlightsProvincesModels] ([Id], [ProvinceId], [FlightId], [IsSource]) VALUES (316, 23, 91, 0)
INSERT [dbo].[FlightsProvincesModels] ([Id], [ProvinceId], [FlightId], [IsSource]) VALUES (317, 24, 92, 0)
INSERT [dbo].[FlightsProvincesModels] ([Id], [ProvinceId], [FlightId], [IsSource]) VALUES (318, 24, 93, 0)
INSERT [dbo].[FlightsProvincesModels] ([Id], [ProvinceId], [FlightId], [IsSource]) VALUES (319, 24, 94, 0)
INSERT [dbo].[FlightsProvincesModels] ([Id], [ProvinceId], [FlightId], [IsSource]) VALUES (320, 24, 95, 0)
INSERT [dbo].[FlightsProvincesModels] ([Id], [ProvinceId], [FlightId], [IsSource]) VALUES (321, 24, 96, 0)
INSERT [dbo].[FlightsProvincesModels] ([Id], [ProvinceId], [FlightId], [IsSource]) VALUES (322, 24, 97, 0)
INSERT [dbo].[FlightsProvincesModels] ([Id], [ProvinceId], [FlightId], [IsSource]) VALUES (323, 24, 98, 0)
INSERT [dbo].[FlightsProvincesModels] ([Id], [ProvinceId], [FlightId], [IsSource]) VALUES (324, 8, 99, 0)
INSERT [dbo].[FlightsProvincesModels] ([Id], [ProvinceId], [FlightId], [IsSource]) VALUES (325, 8, 100, 0)
INSERT [dbo].[FlightsProvincesModels] ([Id], [ProvinceId], [FlightId], [IsSource]) VALUES (326, 8, 101, 0)
INSERT [dbo].[FlightsProvincesModels] ([Id], [ProvinceId], [FlightId], [IsSource]) VALUES (327, 8, 102, 0)
INSERT [dbo].[FlightsProvincesModels] ([Id], [ProvinceId], [FlightId], [IsSource]) VALUES (328, 6, 103, 0)
INSERT [dbo].[FlightsProvincesModels] ([Id], [ProvinceId], [FlightId], [IsSource]) VALUES (329, 6, 104, 0)
INSERT [dbo].[FlightsProvincesModels] ([Id], [ProvinceId], [FlightId], [IsSource]) VALUES (330, 6, 105, 0)
INSERT [dbo].[FlightsProvincesModels] ([Id], [ProvinceId], [FlightId], [IsSource]) VALUES (331, 6, 106, 0)
INSERT [dbo].[FlightsProvincesModels] ([Id], [ProvinceId], [FlightId], [IsSource]) VALUES (332, 7, 107, 0)
INSERT [dbo].[FlightsProvincesModels] ([Id], [ProvinceId], [FlightId], [IsSource]) VALUES (333, 23, 108, 0)
INSERT [dbo].[FlightsProvincesModels] ([Id], [ProvinceId], [FlightId], [IsSource]) VALUES (334, 23, 109, 0)
INSERT [dbo].[FlightsProvincesModels] ([Id], [ProvinceId], [FlightId], [IsSource]) VALUES (335, 23, 110, 0)
INSERT [dbo].[FlightsProvincesModels] ([Id], [ProvinceId], [FlightId], [IsSource]) VALUES (336, 23, 111, 0)
INSERT [dbo].[FlightsProvincesModels] ([Id], [ProvinceId], [FlightId], [IsSource]) VALUES (337, 7, 112, 0)
INSERT [dbo].[FlightsProvincesModels] ([Id], [ProvinceId], [FlightId], [IsSource]) VALUES (338, 11, 113, 0)
INSERT [dbo].[FlightsProvincesModels] ([Id], [ProvinceId], [FlightId], [IsSource]) VALUES (339, 11, 114, 0)
INSERT [dbo].[FlightsProvincesModels] ([Id], [ProvinceId], [FlightId], [IsSource]) VALUES (340, 11, 115, 0)
INSERT [dbo].[FlightsProvincesModels] ([Id], [ProvinceId], [FlightId], [IsSource]) VALUES (341, 23, 116, 0)
INSERT [dbo].[FlightsProvincesModels] ([Id], [ProvinceId], [FlightId], [IsSource]) VALUES (342, 23, 117, 0)
INSERT [dbo].[FlightsProvincesModels] ([Id], [ProvinceId], [FlightId], [IsSource]) VALUES (343, 23, 118, 0)
INSERT [dbo].[FlightsProvincesModels] ([Id], [ProvinceId], [FlightId], [IsSource]) VALUES (344, 23, 119, 0)
INSERT [dbo].[FlightsProvincesModels] ([Id], [ProvinceId], [FlightId], [IsSource]) VALUES (345, 7, 120, 0)
INSERT [dbo].[FlightsProvincesModels] ([Id], [ProvinceId], [FlightId], [IsSource]) VALUES (346, 7, 121, 0)
INSERT [dbo].[FlightsProvincesModels] ([Id], [ProvinceId], [FlightId], [IsSource]) VALUES (347, 7, 122, 0)
INSERT [dbo].[FlightsProvincesModels] ([Id], [ProvinceId], [FlightId], [IsSource]) VALUES (348, 7, 123, 0)
INSERT [dbo].[FlightsProvincesModels] ([Id], [ProvinceId], [FlightId], [IsSource]) VALUES (349, 4, 124, 0)
INSERT [dbo].[FlightsProvincesModels] ([Id], [ProvinceId], [FlightId], [IsSource]) VALUES (350, 4, 125, 0)
INSERT [dbo].[FlightsProvincesModels] ([Id], [ProvinceId], [FlightId], [IsSource]) VALUES (351, 4, 126, 0)
INSERT [dbo].[FlightsProvincesModels] ([Id], [ProvinceId], [FlightId], [IsSource]) VALUES (352, 4, 127, 0)
INSERT [dbo].[FlightsProvincesModels] ([Id], [ProvinceId], [FlightId], [IsSource]) VALUES (353, 4, 128, 0)
INSERT [dbo].[FlightsProvincesModels] ([Id], [ProvinceId], [FlightId], [IsSource]) VALUES (354, 4, 129, 0)
INSERT [dbo].[FlightsProvincesModels] ([Id], [ProvinceId], [FlightId], [IsSource]) VALUES (355, 4, 130, 0)
INSERT [dbo].[FlightsProvincesModels] ([Id], [ProvinceId], [FlightId], [IsSource]) VALUES (356, 11, 131, 0)
INSERT [dbo].[FlightsProvincesModels] ([Id], [ProvinceId], [FlightId], [IsSource]) VALUES (357, 11, 132, 0)
INSERT [dbo].[FlightsProvincesModels] ([Id], [ProvinceId], [FlightId], [IsSource]) VALUES (358, 23, 133, 0)
INSERT [dbo].[FlightsProvincesModels] ([Id], [ProvinceId], [FlightId], [IsSource]) VALUES (359, 23, 134, 0)
INSERT [dbo].[FlightsProvincesModels] ([Id], [ProvinceId], [FlightId], [IsSource]) VALUES (360, 23, 135, 0)
INSERT [dbo].[FlightsProvincesModels] ([Id], [ProvinceId], [FlightId], [IsSource]) VALUES (361, 23, 136, 0)
INSERT [dbo].[FlightsProvincesModels] ([Id], [ProvinceId], [FlightId], [IsSource]) VALUES (362, 11, 137, 0)
INSERT [dbo].[FlightsProvincesModels] ([Id], [ProvinceId], [FlightId], [IsSource]) VALUES (363, 11, 138, 0)
INSERT [dbo].[FlightsProvincesModels] ([Id], [ProvinceId], [FlightId], [IsSource]) VALUES (364, 11, 139, 0)
INSERT [dbo].[FlightsProvincesModels] ([Id], [ProvinceId], [FlightId], [IsSource]) VALUES (365, 11, 140, 0)
INSERT [dbo].[FlightsProvincesModels] ([Id], [ProvinceId], [FlightId], [IsSource]) VALUES (366, 23, 141, 0)
INSERT [dbo].[FlightsProvincesModels] ([Id], [ProvinceId], [FlightId], [IsSource]) VALUES (367, 23, 142, 0)
INSERT [dbo].[FlightsProvincesModels] ([Id], [ProvinceId], [FlightId], [IsSource]) VALUES (368, 23, 143, 0)
INSERT [dbo].[FlightsProvincesModels] ([Id], [ProvinceId], [FlightId], [IsSource]) VALUES (369, 23, 144, 0)
INSERT [dbo].[FlightsProvincesModels] ([Id], [ProvinceId], [FlightId], [IsSource]) VALUES (370, 23, 145, 0)
INSERT [dbo].[FlightsProvincesModels] ([Id], [ProvinceId], [FlightId], [IsSource]) VALUES (371, 23, 146, 0)
INSERT [dbo].[FlightsProvincesModels] ([Id], [ProvinceId], [FlightId], [IsSource]) VALUES (372, 23, 147, 0)
INSERT [dbo].[FlightsProvincesModels] ([Id], [ProvinceId], [FlightId], [IsSource]) VALUES (373, 23, 148, 0)
INSERT [dbo].[FlightsProvincesModels] ([Id], [ProvinceId], [FlightId], [IsSource]) VALUES (374, 23, 149, 0)
INSERT [dbo].[FlightsProvincesModels] ([Id], [ProvinceId], [FlightId], [IsSource]) VALUES (375, 23, 150, 0)
INSERT [dbo].[FlightsProvincesModels] ([Id], [ProvinceId], [FlightId], [IsSource]) VALUES (376, 23, 151, 0)
INSERT [dbo].[FlightsProvincesModels] ([Id], [ProvinceId], [FlightId], [IsSource]) VALUES (377, 23, 152, 0)
INSERT [dbo].[FlightsProvincesModels] ([Id], [ProvinceId], [FlightId], [IsSource]) VALUES (378, 23, 153, 0)
INSERT [dbo].[FlightsProvincesModels] ([Id], [ProvinceId], [FlightId], [IsSource]) VALUES (379, 23, 154, 0)
INSERT [dbo].[FlightsProvincesModels] ([Id], [ProvinceId], [FlightId], [IsSource]) VALUES (380, 23, 155, 0)
INSERT [dbo].[FlightsProvincesModels] ([Id], [ProvinceId], [FlightId], [IsSource]) VALUES (381, 2, 156, 0)
INSERT [dbo].[FlightsProvincesModels] ([Id], [ProvinceId], [FlightId], [IsSource]) VALUES (382, 2, 157, 0)
INSERT [dbo].[FlightsProvincesModels] ([Id], [ProvinceId], [FlightId], [IsSource]) VALUES (383, 2, 158, 0)
INSERT [dbo].[FlightsProvincesModels] ([Id], [ProvinceId], [FlightId], [IsSource]) VALUES (384, 2, 159, 0)
INSERT [dbo].[FlightsProvincesModels] ([Id], [ProvinceId], [FlightId], [IsSource]) VALUES (385, 5, 160, 0)
INSERT [dbo].[FlightsProvincesModels] ([Id], [ProvinceId], [FlightId], [IsSource]) VALUES (386, 13, 161, 0)
INSERT [dbo].[FlightsProvincesModels] ([Id], [ProvinceId], [FlightId], [IsSource]) VALUES (387, 13, 162, 0)
INSERT [dbo].[FlightsProvincesModels] ([Id], [ProvinceId], [FlightId], [IsSource]) VALUES (388, 13, 163, 0)
INSERT [dbo].[FlightsProvincesModels] ([Id], [ProvinceId], [FlightId], [IsSource]) VALUES (389, 13, 164, 0)
INSERT [dbo].[FlightsProvincesModels] ([Id], [ProvinceId], [FlightId], [IsSource]) VALUES (390, 11, 165, 0)
INSERT [dbo].[FlightsProvincesModels] ([Id], [ProvinceId], [FlightId], [IsSource]) VALUES (391, 11, 166, 0)
INSERT [dbo].[FlightsProvincesModels] ([Id], [ProvinceId], [FlightId], [IsSource]) VALUES (392, 11, 167, 0)
INSERT [dbo].[FlightsProvincesModels] ([Id], [ProvinceId], [FlightId], [IsSource]) VALUES (393, 11, 168, 0)
INSERT [dbo].[FlightsProvincesModels] ([Id], [ProvinceId], [FlightId], [IsSource]) VALUES (394, 11, 169, 0)
INSERT [dbo].[FlightsProvincesModels] ([Id], [ProvinceId], [FlightId], [IsSource]) VALUES (395, 11, 170, 0)
INSERT [dbo].[FlightsProvincesModels] ([Id], [ProvinceId], [FlightId], [IsSource]) VALUES (396, 12, 171, 0)
INSERT [dbo].[FlightsProvincesModels] ([Id], [ProvinceId], [FlightId], [IsSource]) VALUES (397, 12, 172, 0)
INSERT [dbo].[FlightsProvincesModels] ([Id], [ProvinceId], [FlightId], [IsSource]) VALUES (398, 14, 173, 0)
INSERT [dbo].[FlightsProvincesModels] ([Id], [ProvinceId], [FlightId], [IsSource]) VALUES (399, 14, 174, 0)
GO
INSERT [dbo].[FlightsProvincesModels] ([Id], [ProvinceId], [FlightId], [IsSource]) VALUES (400, 14, 175, 0)
INSERT [dbo].[FlightsProvincesModels] ([Id], [ProvinceId], [FlightId], [IsSource]) VALUES (401, 14, 176, 0)
INSERT [dbo].[FlightsProvincesModels] ([Id], [ProvinceId], [FlightId], [IsSource]) VALUES (402, 15, 177, 0)
INSERT [dbo].[FlightsProvincesModels] ([Id], [ProvinceId], [FlightId], [IsSource]) VALUES (403, 15, 178, 0)
INSERT [dbo].[FlightsProvincesModels] ([Id], [ProvinceId], [FlightId], [IsSource]) VALUES (404, 15, 179, 0)
INSERT [dbo].[FlightsProvincesModels] ([Id], [ProvinceId], [FlightId], [IsSource]) VALUES (405, 16, 180, 0)
INSERT [dbo].[FlightsProvincesModels] ([Id], [ProvinceId], [FlightId], [IsSource]) VALUES (406, 16, 181, 0)
INSERT [dbo].[FlightsProvincesModels] ([Id], [ProvinceId], [FlightId], [IsSource]) VALUES (407, 16, 182, 0)
INSERT [dbo].[FlightsProvincesModels] ([Id], [ProvinceId], [FlightId], [IsSource]) VALUES (408, 16, 183, 0)
INSERT [dbo].[FlightsProvincesModels] ([Id], [ProvinceId], [FlightId], [IsSource]) VALUES (409, 19, 184, 0)
INSERT [dbo].[FlightsProvincesModels] ([Id], [ProvinceId], [FlightId], [IsSource]) VALUES (410, 19, 185, 0)
INSERT [dbo].[FlightsProvincesModels] ([Id], [ProvinceId], [FlightId], [IsSource]) VALUES (411, 19, 186, 0)
INSERT [dbo].[FlightsProvincesModels] ([Id], [ProvinceId], [FlightId], [IsSource]) VALUES (412, 20, 187, 0)
INSERT [dbo].[FlightsProvincesModels] ([Id], [ProvinceId], [FlightId], [IsSource]) VALUES (413, 20, 188, 0)
INSERT [dbo].[FlightsProvincesModels] ([Id], [ProvinceId], [FlightId], [IsSource]) VALUES (414, 20, 189, 0)
INSERT [dbo].[FlightsProvincesModels] ([Id], [ProvinceId], [FlightId], [IsSource]) VALUES (415, 20, 190, 0)
INSERT [dbo].[FlightsProvincesModels] ([Id], [ProvinceId], [FlightId], [IsSource]) VALUES (416, 20, 191, 0)
INSERT [dbo].[FlightsProvincesModels] ([Id], [ProvinceId], [FlightId], [IsSource]) VALUES (417, 20, 192, 0)
INSERT [dbo].[FlightsProvincesModels] ([Id], [ProvinceId], [FlightId], [IsSource]) VALUES (418, 20, 193, 0)
INSERT [dbo].[FlightsProvincesModels] ([Id], [ProvinceId], [FlightId], [IsSource]) VALUES (419, 22, 194, 0)
INSERT [dbo].[FlightsProvincesModels] ([Id], [ProvinceId], [FlightId], [IsSource]) VALUES (420, 22, 195, 0)
INSERT [dbo].[FlightsProvincesModels] ([Id], [ProvinceId], [FlightId], [IsSource]) VALUES (421, 22, 196, 0)
INSERT [dbo].[FlightsProvincesModels] ([Id], [ProvinceId], [FlightId], [IsSource]) VALUES (422, 22, 197, 0)
INSERT [dbo].[FlightsProvincesModels] ([Id], [ProvinceId], [FlightId], [IsSource]) VALUES (423, 24, 198, 0)
INSERT [dbo].[FlightsProvincesModels] ([Id], [ProvinceId], [FlightId], [IsSource]) VALUES (424, 24, 199, 0)
INSERT [dbo].[FlightsProvincesModels] ([Id], [ProvinceId], [FlightId], [IsSource]) VALUES (425, 6, 200, 0)
INSERT [dbo].[FlightsProvincesModels] ([Id], [ProvinceId], [FlightId], [IsSource]) VALUES (426, 7, 201, 0)
INSERT [dbo].[FlightsProvincesModels] ([Id], [ProvinceId], [FlightId], [IsSource]) VALUES (427, 7, 202, 0)
INSERT [dbo].[FlightsProvincesModels] ([Id], [ProvinceId], [FlightId], [IsSource]) VALUES (428, 7, 203, 0)
INSERT [dbo].[FlightsProvincesModels] ([Id], [ProvinceId], [FlightId], [IsSource]) VALUES (429, 7, 204, 0)
INSERT [dbo].[FlightsProvincesModels] ([Id], [ProvinceId], [FlightId], [IsSource]) VALUES (430, 7, 205, 0)
INSERT [dbo].[FlightsProvincesModels] ([Id], [ProvinceId], [FlightId], [IsSource]) VALUES (431, 7, 206, 0)
INSERT [dbo].[FlightsProvincesModels] ([Id], [ProvinceId], [FlightId], [IsSource]) VALUES (432, 9, 207, 0)
INSERT [dbo].[FlightsProvincesModels] ([Id], [ProvinceId], [FlightId], [IsSource]) VALUES (433, 3, 208, 0)
INSERT [dbo].[FlightsProvincesModels] ([Id], [ProvinceId], [FlightId], [IsSource]) VALUES (434, 17, 209, 0)
INSERT [dbo].[FlightsProvincesModels] ([Id], [ProvinceId], [FlightId], [IsSource]) VALUES (435, 18, 210, 0)
INSERT [dbo].[FlightsProvincesModels] ([Id], [ProvinceId], [FlightId], [IsSource]) VALUES (436, 10, 211, 0)
INSERT [dbo].[FlightsProvincesModels] ([Id], [ProvinceId], [FlightId], [IsSource]) VALUES (437, 21, 212, 0)
INSERT [dbo].[FlightsProvincesModels] ([Id], [ProvinceId], [FlightId], [IsSource]) VALUES (438, 11, 213, 0)
INSERT [dbo].[FlightsProvincesModels] ([Id], [ProvinceId], [FlightId], [IsSource]) VALUES (439, 11, 214, 0)
INSERT [dbo].[FlightsProvincesModels] ([Id], [ProvinceId], [FlightId], [IsSource]) VALUES (440, 11, 215, 0)
INSERT [dbo].[FlightsProvincesModels] ([Id], [ProvinceId], [FlightId], [IsSource]) VALUES (441, 11, 216, 0)
INSERT [dbo].[FlightsProvincesModels] ([Id], [ProvinceId], [FlightId], [IsSource]) VALUES (442, 23, 217, 0)
INSERT [dbo].[FlightsProvincesModels] ([Id], [ProvinceId], [FlightId], [IsSource]) VALUES (443, 24, 218, 0)
INSERT [dbo].[FlightsProvincesModels] ([Id], [ProvinceId], [FlightId], [IsSource]) VALUES (444, 24, 219, 0)
INSERT [dbo].[FlightsProvincesModels] ([Id], [ProvinceId], [FlightId], [IsSource]) VALUES (445, 24, 220, 0)
INSERT [dbo].[FlightsProvincesModels] ([Id], [ProvinceId], [FlightId], [IsSource]) VALUES (446, 24, 221, 0)
INSERT [dbo].[FlightsProvincesModels] ([Id], [ProvinceId], [FlightId], [IsSource]) VALUES (447, 14, 222, 0)
INSERT [dbo].[FlightsProvincesModels] ([Id], [ProvinceId], [FlightId], [IsSource]) VALUES (448, 14, 223, 0)
INSERT [dbo].[FlightsProvincesModels] ([Id], [ProvinceId], [FlightId], [IsSource]) VALUES (449, 14, 224, 0)
INSERT [dbo].[FlightsProvincesModels] ([Id], [ProvinceId], [FlightId], [IsSource]) VALUES (450, 14, 225, 0)
SET IDENTITY_INSERT [dbo].[FlightsProvincesModels] OFF
SET IDENTITY_INSERT [dbo].[Planes] ON 

INSERT [dbo].[Planes] ([Id], [Name], [Quantity]) VALUES (1, N'Aerospatiale/Alenia ATR 72', 5)
INSERT [dbo].[Planes] ([Id], [Name], [Quantity]) VALUES (2, N'Airbus A321-100/200', 5)
INSERT [dbo].[Planes] ([Id], [Name], [Quantity]) VALUES (3, N'Airbus A321-100/201', 5)
INSERT [dbo].[Planes] ([Id], [Name], [Quantity]) VALUES (4, N'Airbus A321-100/202', 5)
INSERT [dbo].[Planes] ([Id], [Name], [Quantity]) VALUES (5, N'Airbus A321-100/203', 5)
INSERT [dbo].[Planes] ([Id], [Name], [Quantity]) VALUES (6, N'Airbus A330-200', 5)
INSERT [dbo].[Planes] ([Id], [Name], [Quantity]) VALUES (7, N'Airbus Industrie A320', 5)
INSERT [dbo].[Planes] ([Id], [Name], [Quantity]) VALUES (8, N'Aircraft.350', 5)
INSERT [dbo].[Planes] ([Id], [Name], [Quantity]) VALUES (9, N'Aircraft.359', 5)
INSERT [dbo].[Planes] ([Id], [Name], [Quantity]) VALUES (10, N'Boeing 777-200', 5)
SET IDENTITY_INSERT [dbo].[Planes] OFF
SET IDENTITY_INSERT [dbo].[Provinces] ON 

INSERT [dbo].[Provinces] ([Id], [Name], [X], [Y]) VALUES (1, N'Bình Thuận', 10.9302864, 108.318733)
INSERT [dbo].[Provinces] ([Id], [Name], [X], [Y]) VALUES (2, N'Buôn Mê Thuột', 12.6646929, 108.117157)
INSERT [dbo].[Provinces] ([Id], [Name], [X], [Y]) VALUES (3, N'Cà Mau', 9.176633, 105.176224)
INSERT [dbo].[Provinces] ([Id], [Name], [X], [Y]) VALUES (4, N'Cần Thơ', 10.0815983, 105.711578)
INSERT [dbo].[Provinces] ([Id], [Name], [X], [Y]) VALUES (5, N'Côn Đảo', 8.731254, 106.6288)
INSERT [dbo].[Provinces] ([Id], [Name], [X], [Y]) VALUES (6, N'Đà lạt', 11.7491446, 108.369156)
INSERT [dbo].[Provinces] ([Id], [Name], [X], [Y]) VALUES (7, N'Đà Nẵng', 16.0530529, 108.20266)
INSERT [dbo].[Provinces] ([Id], [Name], [X], [Y]) VALUES (8, N'Điện Biên Phủ', 21.4009418, 103.006157)
INSERT [dbo].[Provinces] ([Id], [Name], [X], [Y]) VALUES (9, N'Đồng Hới', 17.5133114, 106.589821)
INSERT [dbo].[Provinces] ([Id], [Name], [X], [Y]) VALUES (10, N'Hà Giang', 22.8027935, 104.979469)
INSERT [dbo].[Provinces] ([Id], [Name], [X], [Y]) VALUES (11, N'Hà Nội', 21.21921, 105.800621)
INSERT [dbo].[Provinces] ([Id], [Name], [X], [Y]) VALUES (12, N'Hải Phòng', 20.82095, 106.723656)
INSERT [dbo].[Provinces] ([Id], [Name], [X], [Y]) VALUES (13, N'Huế', 16.39835, 107.698174)
INSERT [dbo].[Provinces] ([Id], [Name], [X], [Y]) VALUES (14, N'Nha Trang', 12.0070534, 109.21685)
INSERT [dbo].[Provinces] ([Id], [Name], [X], [Y]) VALUES (15, N'Phú Quốc', 10.1630363, 103.998154)
INSERT [dbo].[Provinces] ([Id], [Name], [X], [Y]) VALUES (16, N'Pleiku', 14.0057592, 108.0077)
INSERT [dbo].[Provinces] ([Id], [Name], [X], [Y]) VALUES (17, N'Quảng Ngãi', 15.1177816, 108.80809)
INSERT [dbo].[Provinces] ([Id], [Name], [X], [Y]) VALUES (18, N'Quảng Ninh', 21.0105114, 107.214622)
INSERT [dbo].[Provinces] ([Id], [Name], [X], [Y]) VALUES (19, N'Quy Nhơn', 13.9524345, 109.047661)
INSERT [dbo].[Provinces] ([Id], [Name], [X], [Y]) VALUES (20, N'Rạch Giá', 9.961179, 105.133583)
INSERT [dbo].[Provinces] ([Id], [Name], [X], [Y]) VALUES (21, N'Tây Ninh', 11.3670826, 106.123741)
INSERT [dbo].[Provinces] ([Id], [Name], [X], [Y]) VALUES (22, N'Thanh Hóa', 19.8997612, 105.465034)
INSERT [dbo].[Provinces] ([Id], [Name], [X], [Y]) VALUES (23, N'Thành phố Hồ Chí Minh', 10.8184633, 106.658821)
INSERT [dbo].[Provinces] ([Id], [Name], [X], [Y]) VALUES (24, N'Thành phố Vinh, Nghệ An', 18.728426, 105.669777)
SET IDENTITY_INSERT [dbo].[Provinces] OFF
ALTER TABLE [dbo].[Flights]  WITH CHECK ADD  CONSTRAINT [FK_dbo.Flights_dbo.Planes_PlaneId] FOREIGN KEY([PlaneId])
REFERENCES [dbo].[Planes] ([Id])
GO
ALTER TABLE [dbo].[Flights] CHECK CONSTRAINT [FK_dbo.Flights_dbo.Planes_PlaneId]
GO
ALTER TABLE [dbo].[FlightsProvincesModels]  WITH CHECK ADD  CONSTRAINT [FK_dbo.FlightsProvincesModels_dbo.Flights_FlightId] FOREIGN KEY([FlightId])
REFERENCES [dbo].[Flights] ([Id])
ON DELETE CASCADE
GO
ALTER TABLE [dbo].[FlightsProvincesModels] CHECK CONSTRAINT [FK_dbo.FlightsProvincesModels_dbo.Flights_FlightId]
GO
ALTER TABLE [dbo].[FlightsProvincesModels]  WITH CHECK ADD  CONSTRAINT [FK_dbo.FlightsProvincesModels_dbo.Provinces_ProvinceId] FOREIGN KEY([ProvinceId])
REFERENCES [dbo].[Provinces] ([Id])
ON DELETE CASCADE
GO
ALTER TABLE [dbo].[FlightsProvincesModels] CHECK CONSTRAINT [FK_dbo.FlightsProvincesModels_dbo.Provinces_ProvinceId]
GO
